Date,daily_deaths,daily_increase_percent,user_name,country,user_created,user_followers,user_verified,source,is_retweet,text_sentiment,Season,user_since_days,daily_vaccinations,total_vaccinations_per_hundred,vaccine_group
2020-12-27,9452,7,Love Always Wins~❤️,United States,2013-05-16,633,False,Twitter,False,1,Winter,2782,264585.0,0.93,"Viral Vector, mRNA"
2020-12-27,9452,7,"Rachel NotDolezal, MD",United States,2010-03-19,84,False,Twitter,False,-1,Winter,3936,264585.0,0.93,"Viral Vector, mRNA"
2020-12-30,15062,0,C.C. Storm,United States,2020-11-09,12,False,Twitter,False,1,Winter,51,372000.0,1.58,"Viral Vector, mRNA"
2020-12-30,15062,0,🌈Cllr Angela McClements,United States,2009-02-22,2199,False,Twitter,False,1,Winter,4329,372000.0,1.58,"Viral Vector, mRNA"
2020-12-29,15025,34,DR.,United States,2009-07-26,3649,False,Twitter,False,0,Winter,4174,333663.0,1.32,"Viral Vector, mRNA"
2020-12-27,9452,7,Will Everly,United States,2012-03-30,14589,False,Paper.li,False,0,Winter,3194,264585.0,0.93,"Viral Vector, mRNA"
2020-12-31,14203,-6,Thrillhouse,United States,2020-09-24,31,False,Twitter,False,1,Winter,98,404095.0,1.7,"Viral Vector, mRNA"
2020-12-30,15062,0,🇯🇲Honestly🇯🇲,United States,2009-07-28,274,False,Twitter,False,0,Winter,4173,372000.0,1.58,"Viral Vector, mRNA"
2020-12-27,9452,7,Charles Mapundu,United States,2013-08-22,17,False,Twitter,False,1,Winter,2684,264585.0,0.93,"Viral Vector, mRNA"
2020-12-30,15062,0,Em ☮️,United States,2020-06-09,14,False,Twitter,False,1,Winter,204,372000.0,1.58,"Viral Vector, mRNA"
2020-12-31,14203,-6,Peter Haughton,United States,2009-02-07,115,False,Twitter,False,1,Winter,4345,404095.0,1.7,"Viral Vector, mRNA"
2020-12-30,15062,0,"Nan Gai, MD FRCPC",Canada,2015-09-22,445,False,Twitter,False,1,Winter,1926,7136.0,0.22,"Viral Vector, mRNA"
2020-12-30,15062,0,Humanpencil #FBPE #EU #BREAKUPUK,United States,2009-06-13,3662,False,Twitter,False,1,Winter,4218,372000.0,1.58,"Viral Vector, mRNA"
2020-12-30,15062,0,Nathan Mynard,United States,2018-02-02,38,False,Twitter,False,-1,Winter,1062,372000.0,1.58,"Viral Vector, mRNA"
2020-12-30,15062,0,Alder Hey Radiology,United States,2020-02-19,166,False,Twitter,False,0,Winter,315,372000.0,1.58,"Viral Vector, mRNA"
2020-12-31,14203,-6,Paula Dockery 🏴‍☠️,United States,2009-10-21,8583,False,Twitter,False,-1,Winter,4089,404095.0,1.7,"Viral Vector, mRNA"
2020-12-29,15025,34,Myles Miller,United States,2008-11-16,12274,True,Twitter,False,1,Winter,4426,333663.0,1.32,"Viral Vector, mRNA"
2020-12-27,9452,7,Royce Sears,United States,2015-07-07,3899,False,Twitter,False,-1,Winter,2000,264585.0,0.93,"Viral Vector, mRNA"
2020-12-31,14203,-6,🚨𝐒𝐧𝐚𝐫𝐤𝐲 𝐔𝐧𝐜𝐥𝐞 𝐒𝐚𝐦🚨,United States,2010-05-26,92690,False,Twitter,False,1,Winter,3872,404095.0,1.7,"Viral Vector, mRNA"
2020-12-30,15062,0,Logan Freaking Shawver,United States,2009-05-01,1129,False,Twitter,False,1,Winter,4261,372000.0,1.58,"Viral Vector, mRNA"
2020-12-30,15062,0,🧠⃤ 🦕⃤🥶⃤👁️⃤,United States,2016-06-16,587,False,Twitter,False,0,Winter,1658,372000.0,1.58,"Viral Vector, mRNA"
2020-12-31,14203,-6,Michele Park,United States,2012-11-01,212,False,Twitter,False,1,Winter,2982,404095.0,1.7,"Viral Vector, mRNA"
2020-12-28,11176,18,Alain Paradis,Canada,2007-05-04,902,False,Twitter,False,0,Winter,4987,5424.0,0.16,"Viral Vector, mRNA"
2020-12-26,8825,-13,gyan pareek,United States,2012-02-05,538,False,Twitter,False,1,Winter,3247,265812.0,0.9,"Viral Vector, mRNA"
2020-12-27,9452,7,AshleighMaryah,United States,2020-12-23,11,False,Twitter,False,1,Winter,4,264585.0,0.93,"Viral Vector, mRNA"
2020-12-29,15025,34,Global Institute for Sustainable Prosperity - GISP,United States,2014-07-09,4194,False,Buffer,False,1,Winter,2365,333663.0,1.32,"Viral Vector, mRNA"
2020-12-30,15062,0,Laime Vaitkus,United States,2015-02-19,203,False,Twitter,False,0,Winter,2141,372000.0,1.58,"Viral Vector, mRNA"
2020-12-27,9452,7,Wendy H,United States,2009-04-15,335,False,Twitter,False,-1,Winter,4274,264585.0,0.93,"Viral Vector, mRNA"
2020-12-30,15062,0,Portia Prescott,United States,2014-08-06,6056,False,Twitter,False,0,Winter,2338,372000.0,1.58,"Viral Vector, mRNA"
2020-12-25,10119,-20,Ariane Willems,United States,2018-02-19,51,False,Twitter,False,-1,Winter,1040,271518.0,0.85,"Viral Vector, mRNA"
2020-12-27,9452,7,Serene,United States,2011-09-09,4285,False,Twitter,False,0,Winter,3397,264585.0,0.93,"Viral Vector, mRNA"
2020-12-30,15062,0,Mahesh Chand,United States,2010-11-10,12965,False,Twitter,False,-1,Winter,3703,372000.0,1.58,"Viral Vector, mRNA"
2020-12-27,9452,7,Dan Merly-Sobovitz,United States,2009-06-22,2316,False,Twitter,False,-1,Winter,4206,264585.0,0.93,"Viral Vector, mRNA"
2020-12-30,15062,0,Pharmacy HHFT,United States,2019-09-12,301,False,TweetDeck,False,1,Winter,475,372000.0,1.58,"Viral Vector, mRNA"
2020-12-31,14203,-6,"Louis M, MD",United States,2016-06-23,402,False,Twitter,False,1,Winter,1652,404095.0,1.7,"Viral Vector, mRNA"
2020-12-31,14203,-6,modelovirus foo,United States,2010-08-04,399,False,Twitter,False,0,Winter,3802,404095.0,1.7,"Viral Vector, mRNA"
2020-12-31,14203,-6,DJ Iwata,United States,2010-11-26,383,False,Twitter,False,-1,Winter,3688,404095.0,1.7,"Viral Vector, mRNA"
2020-12-30,15062,0,aimee di marco MA PhD FRCS,United States,2012-05-31,571,False,Twitter,False,1,Winter,3135,372000.0,1.58,"Viral Vector, mRNA"
2020-12-30,15062,0,Steven Gordon,United States,2013-04-03,30,False,Twitter,False,-1,Winter,2828,372000.0,1.58,"Viral Vector, mRNA"
2020-12-30,15062,0,cheekyblinder,United States,2020-04-21,182,False,Twitter,False,0,Winter,253,372000.0,1.58,"Viral Vector, mRNA"
2020-12-30,15062,0,Pamela Swan,United States,2014-04-15,321,False,Twitter,False,1,Winter,2451,372000.0,1.58,"Viral Vector, mRNA"
2020-12-30,15062,0,BradfordCareAlliance #StillHereToHelp,United States,2016-11-02,1405,False,Twitter,False,1,Winter,1519,372000.0,1.58,"Viral Vector, mRNA"
2020-12-26,8825,-13,"Deepal Ekanayake, MD",United States,2016-02-12,1144,False,Twitter,False,0,Winter,1779,265812.0,0.9,"Viral Vector, mRNA"
2020-12-31,14203,-6,OneLove,United States,2014-03-31,141,False,Twitter,False,0,Winter,2467,404095.0,1.7,"Viral Vector, mRNA"
2020-12-30,15062,0,S A C 🇧🇩🏴󠁧󠁢󠁥󠁮󠁧󠁿🇵🇸 شحن,United States,2015-07-16,224,False,Twitter,False,1,Winter,1994,372000.0,1.58,"Viral Vector, mRNA"
2020-12-30,15062,0,Ella Cruz♦️⭐️⭐️🗽⭐️⭐️♦️#CrimesAgainstChildren,United States,2017-09-06,27617,False,Twitter,False,-1,Winter,1211,372000.0,1.58,"Viral Vector, mRNA"
2020-12-29,15025,34,Kilkenny People,United States,2011-02-15,11838,False,Twitter,False,1,Winter,3605,333663.0,1.32,"Viral Vector, mRNA"
2020-12-29,15025,34,Rebecca Young,United States,2011-04-12,161,False,Twitter,False,-1,Winter,3549,333663.0,1.32,"Viral Vector, mRNA"
2020-12-29,15025,34,President-Elect Pragmatic Walk,United States,2008-12-09,323,False,Twitter,False,0,Winter,4403,333663.0,1.32,"Viral Vector, mRNA"
2020-12-28,11176,18,ChiefsChat,United States,2011-08-08,149,False,Twitter,False,1,Winter,3430,294466.0,1.1,"Viral Vector, mRNA"
2020-12-27,9452,7,Ruby🌾,United States,2020-11-27,101,False,Twitter,False,-1,Winter,30,264585.0,0.93,"Viral Vector, mRNA"
2020-12-27,9452,7,Danielle Marie Vitelli O’Connor,United States,2019-02-14,262,False,Twitter,False,1,Winter,682,264585.0,0.93,"Viral Vector, mRNA"
2020-12-28,11176,18,M3hrad,United States,2020-01-04,152,False,Twitter,False,1,Winter,359,294466.0,1.1,"Viral Vector, mRNA"
2020-12-27,9452,7,Jaroslav Dvorak,United States,2014-03-27,290,False,Twitter,False,0,Winter,2467,264585.0,0.93,"Viral Vector, mRNA"
2020-12-30,15062,0,Jennifer Harris,United States,2008-07-22,9621,False,Twitter,False,0,Winter,4544,372000.0,1.58,"Viral Vector, mRNA"
2020-12-28,11176,18,Alberto M Pereira,United States,2015-07-17,478,False,Twitter,False,-1,Winter,1991,294466.0,1.1,"Viral Vector, mRNA"
2020-12-30,15062,0,Teresa Farrarons,United States,2011-09-29,214,False,Twitter,False,1,Winter,3380,372000.0,1.58,"Viral Vector, mRNA"
2020-12-30,15062,0,JellXBeaN,United States,2020-10-18,14,False,Twitter,False,1,Winter,73,372000.0,1.58,"Viral Vector, mRNA"
2020-12-27,9452,7,Maksel,United States,2020-05-11,109,False,Twitter,False,-1,Winter,230,264585.0,0.93,"Viral Vector, mRNA"
2020-12-28,11176,18,"Adrienne Bruce Shannon, MD",United States,2011-10-10,148,False,Twitter,False,1,Winter,3367,294466.0,1.1,"Viral Vector, mRNA"
2020-12-30,15062,0,Oberleutant Garretson,United States,2019-03-08,21,False,Twitter,False,-1,Winter,663,372000.0,1.58,"Viral Vector, mRNA"
2020-12-30,15062,0,"Vanessa Salcedo, MD",United States,2015-06-17,1683,False,Twitter,False,1,Winter,2023,372000.0,1.58,"Viral Vector, mRNA"
2020-12-26,8825,-13,Town of Blacksburg,United States,2008-08-26,9968,True,TweetDeck,False,0,Winter,4505,265812.0,0.9,"Viral Vector, mRNA"
2020-12-30,15062,0,xoloreeva,United States,2020-12-13,784,False,Twitter,False,1,Winter,17,372000.0,1.58,"Viral Vector, mRNA"
2020-12-28,11176,18,Michel Rebosura,United States,2012-02-04,61,False,Twitter,False,0,Winter,3250,294466.0,1.1,"Viral Vector, mRNA"
2020-12-31,14203,-6,Dr Tim Gregory,United States,2014-10-20,8938,False,Twitter,False,1,Winter,2264,404095.0,1.7,"Viral Vector, mRNA"
2020-12-25,10119,-20,Rick Lewis,United States,2018-08-16,686,False,Twitter,False,0,Winter,862,271518.0,0.85,"Viral Vector, mRNA"
2020-12-29,15025,34,DevetraBlueLotus,United States,2011-04-19,528,False,Twitter,False,1,Winter,3542,333663.0,1.32,"Viral Vector, mRNA"
2020-12-30,15062,0,DR President Elect Wendy,United States,2009-07-04,99463,False,Twitter,False,0,Winter,4197,372000.0,1.58,"Viral Vector, mRNA"
2020-12-25,10119,-20,Akm@L.,United States,2012-09-17,382,False,Twitter,False,0,Winter,3021,271518.0,0.85,"Viral Vector, mRNA"
2020-12-30,15062,0,BeeAreEyeTeeTeeEnEyeEe,United States,2017-01-27,41,False,Twitter,False,-1,Winter,1433,372000.0,1.58,"Viral Vector, mRNA"
2020-12-29,15025,34,Aj_DFS,United States,2016-12-28,406,False,Twitter,False,0,Winter,1462,333663.0,1.32,"Viral Vector, mRNA"
2020-12-31,14203,-6,Daniel Doyle,Canada,2009-04-21,385,False,Twitter,False,-1,Winter,4272,7528.0,0.26,"Viral Vector, mRNA"
2020-12-26,8825,-13,Nichola Ní Bhradáin,United States,2009-02-17,573,False,Twitter,False,-1,Winter,4330,265812.0,0.9,"Viral Vector, mRNA"
2020-12-31,14203,-6,Don Rouges,United States,2020-08-13,0,False,Twitter,False,0,Winter,140,404095.0,1.7,"Viral Vector, mRNA"
2020-12-30,15062,0,That's Your Angel - Samuel Yuly,United States,2020-07-27,509,False,Twitter,False,0,Winter,156,372000.0,1.58,"Viral Vector, mRNA"
2020-12-30,15062,0,Babir 📝💊🙂#Stayhome,United States,2009-06-21,8414,False,Twitter,False,1,Winter,4210,372000.0,1.58,"Viral Vector, mRNA"
2020-12-31,14203,-6,Sam BhattacharyyaPhD,United States,2018-08-10,177,False,Twitter,False,1,Winter,874,404095.0,1.7,"Viral Vector, mRNA"
2020-12-29,15025,34,ATL Dog Lover,United States,2013-08-23,85,False,Twitter,False,0,Winter,2685,333663.0,1.32,"Viral Vector, mRNA"
2020-12-28,11176,18,Kevin Vuong 🇨🇦⚓,Canada,2011-07-16,2819,False,Twitter,False,1,Winter,3453,5424.0,0.16,"Viral Vector, mRNA"
2020-12-30,15062,0,Clueless in Downing Street,United States,2018-02-05,640,False,Twitter,False,-1,Winter,1059,372000.0,1.58,"Viral Vector, mRNA"
2020-12-28,11176,18,Thenerdychick,United States,2017-07-14,166,False,Twitter,False,0,Winter,1263,294466.0,1.1,"Viral Vector, mRNA"
2020-12-28,11176,18,BetterFuture,United States,2020-11-10,204,False,Twitter,False,0,Winter,48,294466.0,1.1,"Viral Vector, mRNA"
2020-12-31,14203,-6,SoloRalphLaurel,United States,2020-12-02,0,False,Twitter,False,-1,Winter,29,404095.0,1.7,"Viral Vector, mRNA"
2020-12-30,15062,0,Cece,United States,2020-12-27,3,False,Twitter,False,0,Winter,3,372000.0,1.58,"Viral Vector, mRNA"
2020-12-27,9452,7,Jerry Richmond,United States,2013-08-29,1612,False,Twitter,False,1,Winter,2677,264585.0,0.93,"Viral Vector, mRNA"
2020-12-30,15062,0,🌼🍋Helencello🍋🌼,United States,2017-03-04,323,False,Twitter,False,1,Winter,1397,372000.0,1.58,"Viral Vector, mRNA"
2020-12-29,15025,34,Michał Byliniak,United States,2012-04-27,1175,False,Twitter,False,1,Winter,3168,333663.0,1.32,"Viral Vector, mRNA"
2020-12-29,15025,34,Ken Lander,United States,2016-01-04,138,False,Twitter,False,0,Winter,1821,333663.0,1.32,"Viral Vector, mRNA"
2020-12-31,14203,-6,Nicola Hogan,United States,2011-01-28,216,False,Twitter,False,-1,Winter,3625,404095.0,1.7,"Viral Vector, mRNA"
2020-12-30,15062,0,Y,United States,2013-11-22,8,False,Twitter,False,0,Winter,2595,372000.0,1.58,"Viral Vector, mRNA"
2020-12-30,15062,0,IamDollar(Malimthande),United States,2012-02-06,252,False,Twitter,False,-1,Winter,3250,372000.0,1.58,"Viral Vector, mRNA"
2020-12-26,8825,-13,Father Spodo Komodo,United States,2009-06-18,668,False,Twitter,False,1,Winter,4209,265812.0,0.9,"Viral Vector, mRNA"
2020-12-27,9452,7,nightwatchman,United States,2014-06-18,818,False,Twitter,False,0,Winter,2384,264585.0,0.93,"Viral Vector, mRNA"
2020-12-27,9452,7,Strategic Eyes,United States,2020-07-27,29,False,Twitter,False,-1,Winter,153,264585.0,0.93,"Viral Vector, mRNA"
2020-12-27,9452,7,Shashi Krishna,United States,2017-10-10,940,False,Twitter,False,1,Winter,1174,264585.0,0.93,"Viral Vector, mRNA"
2020-12-30,15062,0,Nate Ben Comedian,United States,2017-02-22,431,False,Twitter,False,-1,Winter,1407,372000.0,1.58,"Viral Vector, mRNA"
2020-12-31,14203,-6,des cullen 🏁🇮🇪🏁,United States,2012-08-19,1328,False,Twitter,False,1,Winter,3056,404095.0,1.7,"Viral Vector, mRNA"
2020-12-30,15062,0,Linwood A. Riordan🇱🇷🇱🇷🇱🇷,United States,2020-11-29,377,False,Twitter,False,1,Winter,31,372000.0,1.58,"Viral Vector, mRNA"
2020-12-27,9452,7,"Philip Maynard, MD",United States,2010-08-13,558,False,Twitter,False,0,Winter,3789,264585.0,0.93,"Viral Vector, mRNA"
2020-12-27,9452,7,"Muhammad U. Siddiqui, MD, MS",United States,2012-08-18,136,False,Twitter,False,-1,Winter,3053,264585.0,0.93,"Viral Vector, mRNA"
2020-12-29,15025,34,"Jay Bapaye, MD",United States,2019-07-29,28,False,Twitter,False,1,Winter,519,333663.0,1.32,"Viral Vector, mRNA"
2020-12-30,15062,0,tariq7,United States,2008-12-29,686,False,Twitter,False,0,Winter,4384,372000.0,1.58,"Viral Vector, mRNA"
2020-12-25,10119,-20,Alexia (she/her/ella) 🏳️‍⚧️🇲🇽🏳️‍🌈🇺🇸,United States,2015-04-05,1443,False,Twitter,False,1,Winter,2091,271518.0,0.85,"Viral Vector, mRNA"
2020-12-26,8825,-13,Jimmy Norman,United States,2009-03-31,4181,False,Twitter,False,0,Winter,4288,265812.0,0.9,"Viral Vector, mRNA"
2020-12-26,8825,-13,Jaco Kruger ₿🔑,United States,2011-10-09,609,False,Twitter,False,0,Winter,3366,265812.0,0.9,"Viral Vector, mRNA"
2020-12-28,11176,18,Shane Kennedy 🇨🇦 👨🏼‍🍳,Canada,2010-05-09,742,False,Twitter,False,0,Winter,3886,5424.0,0.16,"Viral Vector, mRNA"
2020-12-26,8825,-13,Key Medium,United States,2014-02-12,327,False,semrush social media tool,False,1,Winter,2509,265812.0,0.9,"Viral Vector, mRNA"
2020-12-29,15025,34,Humza Ghori,United States,2009-04-12,97,False,Twitter,False,0,Winter,4279,333663.0,1.32,"Viral Vector, mRNA"
2020-12-29,15025,34,Anthony Beckford (City Council Candidate🌹),United States,2017-11-18,4000,False,Twitter,False,-1,Winter,1137,333663.0,1.32,"Viral Vector, mRNA"
2020-12-31,14203,-6,Fake Name.,United States,2017-12-17,8258,False,Twitter,False,0,Winter,1110,404095.0,1.7,"Viral Vector, mRNA"
2020-12-31,14203,-6,"Michelina Stoddard, PhD",United States,2019-08-13,392,False,Twitter,False,1,Winter,506,404095.0,1.7,"Viral Vector, mRNA"
2020-12-27,9452,7,DJ Salmans,United States,2011-09-28,170,False,Twitter,False,1,Winter,3378,264585.0,0.93,"Viral Vector, mRNA"
2020-12-27,9452,7,Janet Burke,United States,2014-03-09,64,False,Twitter,False,0,Winter,2485,264585.0,0.93,"Viral Vector, mRNA"
2020-12-27,9452,7,Ema Jimenez,United States,2012-02-15,484,False,Twitter,False,0,Winter,3238,264585.0,0.93,"Viral Vector, mRNA"
2020-12-26,8825,-13,Abdullah Alshahrani,United States,2018-03-06,437,False,Twitter,False,1,Winter,1026,265812.0,0.9,"Viral Vector, mRNA"
2020-12-30,15062,0,WQLT FM,United States,2009-07-14,2480,False,Twitter,False,1,Winter,4187,372000.0,1.58,"Viral Vector, mRNA"
2020-12-31,14203,-6,Rose Ann Witt,United States,2013-09-26,256,False,Twitter,False,0,Winter,2653,404095.0,1.7,"Viral Vector, mRNA"
2020-12-25,10119,-20,Krissy | BLM | 🏳️‍🌈🏳️‍⚧️,United States,2016-03-31,42,False,Twitter,False,-1,Winter,1730,271518.0,0.85,"Viral Vector, mRNA"
2020-12-30,15062,0,Ariana Michaels - PhD DScPT Consultant,United States,2018-11-03,2737,False,Twitter,False,1,Winter,788,372000.0,1.58,"Viral Vector, mRNA"
2020-12-30,15062,0,₲Ɽ₳₴₴₣ɆĐ ฿ɄⱠⱠ,United States,2016-07-07,245,False,Twitter,False,0,Winter,1637,372000.0,1.58,"Viral Vector, mRNA"
2020-12-30,15062,0,terry wogan-webb@TWW,United States,2019-10-17,167,False,Twitter,False,1,Winter,440,372000.0,1.58,"Viral Vector, mRNA"
2020-12-29,15025,34,NHS Specialist Pharmacy Service,United States,2018-10-23,4242,False,Twitter,False,0,Winter,798,333663.0,1.32,"Viral Vector, mRNA"
2020-12-30,15062,0,Conor McDowell RN,United States,2009-09-25,1133,False,Twitter,False,1,Winter,4114,372000.0,1.58,"Viral Vector, mRNA"
2020-12-27,9452,7,🏴󠁧󠁢󠁥󠁮󠁧󠁿𝕵𝖆𝖒𝖊𝖘 𝕯𝖊𝖆𝖓🏴󠁧󠁢󠁥󠁮󠁧󠁿,United States,2020-10-26,18,False,Twitter,False,1,Winter,62,264585.0,0.93,"Viral Vector, mRNA"
2021-01-13,16097,-3,Doug Bearak,United States,2009-05-15,2526,False,Twitter,False,0,Winter,4261,974472.0,4.67,"Viral Vector, mRNA"
2021-01-09,13190,-13,CrashenBurner,Canada,2020-09-07,5,False,Twitter,False,-1,Winter,124,27134.0,0.79,"Viral Vector, mRNA"
2021-01-26,16467,35,jcsclemson,United States,2018-05-31,33,False,Twitter,False,1,Winter,971,1314124.0,9.17,"Viral Vector, mRNA"
2021-01-25,12153,7,Shahid Imran Khan,United States,2010-03-18,456,False,Twitter,False,0,Winter,3966,1269091.0,8.67,"Viral Vector, mRNA"
2021-01-09,13190,-13,Hibah Qureshi,United States,2020-12-05,34,False,Twitter,False,0,Winter,35,795150.0,3.49,"Viral Vector, mRNA"
2021-01-21,17049,1,Raja Bhatt,United States,2017-01-23,18,False,Twitter,False,1,Winter,1459,1096767.0,7.37,"Viral Vector, mRNA"
2021-01-25,12153,7,Ashok Ahir,United Kingdom,2010-01-28,3796,False,Twitter,False,1,Winter,4015,371761.0,10.74,"Viral Vector, mRNA"
2021-01-14,16091,0,daisy jones🏳️‍🌈,United States,2009-01-06,442,False,Twitter,False,0,Winter,4391,995389.0,5.06,"Viral Vector, mRNA"
2021-01-15,15450,-4,Tony Hockley,United Kingdom,2011-11-22,818,False,Twitter,False,1,Winter,3342,269147.0,5.9,"Viral Vector, mRNA"
2021-01-15,15450,-4,🇺🇸#46 TY GEORGIA TY AMERICA 🗽🌙✨🌌,United States,2009-03-07,73119,False,Twitter,False,-1,Winter,4332,998294.0,5.44,"Viral Vector, mRNA"
2021-01-19,16189,36,Bev Wilson 💙,United States,2009-03-17,286,False,Twitter,False,1,Winter,4326,1012022.0,6.4,"Viral Vector, mRNA"
2021-01-08,15189,1,Dissolve The Union,United States,2009-03-09,1650,False,Twitter,False,0,Winter,4323,760215.0,3.34,"Viral Vector, mRNA"
2021-01-01,11161,-21,Gráinne morrison,United States,2010-11-08,83,False,Twitter,False,1,Winter,3707,417081.0,1.73,"Viral Vector, mRNA"
2021-01-14,16091,0,Artur Ortega,United Kingdom,2008-11-24,2156,False,Twitter,False,1,Winter,4434,250052.0,5.39,"Viral Vector, mRNA"
2021-01-20,16836,4,𝑷𝒓𝒂𝒌𝒂𝒔𝒉 𝑩𝒊𝒔𝒉𝒏𝒐𝒊,United States,2011-04-07,1489,False,Twitter,False,-1,Winter,3576,1051843.0,6.88,"Viral Vector, mRNA"
2021-01-23,14607,-8,Lily Turner,United Kingdom,2020-03-25,20,False,Twitter,False,0,Winter,304,357218.0,10.0,"Viral Vector, mRNA"
2021-01-23,14607,-8,jessica nolan-bowers,United States,2012-09-13,466,False,Twitter,False,1,Winter,3054,1186488.0,8.14,"Viral Vector, mRNA"
2021-01-15,15450,-4,Heather Smith,United States,2020-11-14,15,False,Twitter,False,1,Winter,62,998294.0,5.44,"Viral Vector, mRNA"
2021-01-21,17049,1,Iqbal Mohammed MPharm. AFHEA. PCertIP,United States,2010-11-15,1565,False,Twitter,False,0,Winter,3720,1096767.0,7.37,"Viral Vector, mRNA"
2021-01-30,13333,-12,Md Neyaz Mahmud,United States,2020-09-28,62,False,Twitter,False,0,Winter,124,1465310.0,11.23,"Viral Vector, mRNA"
2021-01-27,16670,1,"Robin Edgell, LMSW",United States,2017-03-11,6669,False,Twitter,False,1,Winter,1418,1361194.0,9.75,"Viral Vector, mRNA"
2021-01-26,16467,35,Audrey Krslovic,United States,2017-07-28,55,False,Twitter,False,0,Winter,1278,1314124.0,9.17,"Viral Vector, mRNA"
2021-01-27,16670,1,@𝕆𝕗𝕗𝕚𝕔𝕚𝕒𝕝𝕄𝕒𝕣𝕜𝕃𝕒𝕨,United Kingdom,2013-05-10,723,False,Twitter,False,-1,Winter,2819,359424.0,11.66,"Viral Vector, mRNA"
2021-01-26,16467,35,Naomi Easterbrook,United States,2015-07-02,132,False,Twitter,False,1,Winter,2035,1314124.0,9.17,"Viral Vector, mRNA"
2021-01-27,16670,1,Kat 😸,United States,2020-12-10,6,False,Twitter,False,0,Winter,48,1361194.0,9.75,"Viral Vector, mRNA"
2021-01-09,13190,-13,Muner Mohamed,United States,2018-12-06,851,False,Twitter,False,1,Winter,765,795150.0,3.49,"Viral Vector, mRNA"
2021-01-10,10703,-19,LoserDenialClub🇺🇸,United States,2018-01-27,151,False,Twitter,False,0,Winter,1079,811188.0,3.56,"Viral Vector, mRNA"
2021-01-30,13333,-12,Brian Trumbore,United States,2013-09-05,803,False,Twitter,False,0,Winter,2704,1465310.0,11.23,"Viral Vector, mRNA"
2021-01-09,13190,-13,They call me Lotus. (She/Her) *BLM❤️*,United States,2018-08-06,120,False,Twitter,False,1,Winter,887,795150.0,3.49,"Viral Vector, mRNA"
2021-01-13,16097,-3,thatsarap,United States,2020-10-08,86,False,Twitter,False,0,Winter,97,974472.0,4.67,"Viral Vector, mRNA"
2021-01-11,11804,10,Voluntary Support,United Kingdom,2013-11-08,1279,False,hootsuite inc.,False,0,Winter,2621,165844.0,4.17,"Viral Vector, mRNA"
2021-01-11,11804,10,Malvika Sharma,United States,2017-12-17,132,False,Twitter,False,1,Winter,1121,870259.0,3.89,"Viral Vector, mRNA"
2021-01-08,15189,1,MargieCrouchOT,United States,2018-07-20,237,False,Twitter,False,1,Winter,903,760215.0,3.34,"Viral Vector, mRNA"
2021-01-25,12153,7,Progressive Grocer,United States,2009-03-22,17353,False,Buffer,False,0,Winter,4327,1269091.0,8.67,"Viral Vector, mRNA"
2021-01-29,15066,-8,Clarisette,United States,2015-09-16,1097,False,Twitter,False,0,Winter,1962,1449389.0,10.92,"Viral Vector, mRNA"
2021-01-24,11381,-22,𝓜𝓪𝓵𝓲𝓴 𝓐𝓯𝓷𝓪𝓷,United Kingdom,2012-08-31,2040,False,Twitter,False,1,Winter,3068,361321.0,10.33,"Viral Vector, mRNA"
2021-01-26,16467,35,Irwin Mitchell,United Kingdom,2010-03-31,32508,True,Sprout,False,1,Winter,3954,366883.0,11.2,"Viral Vector, mRNA"
2021-01-22,15956,-6,Rebecca Thornton,United States,2019-09-06,128,False,Twitter,False,1,Winter,504,1149689.0,7.86,"Viral Vector, mRNA"
2021-01-08,15189,1,Europe Incoming,United States,2018-01-03,47,False,Twitter,False,1,Winter,1101,760215.0,3.34,"Viral Vector, mRNA"
2021-01-14,16091,0,Nicola Martin,United States,2011-12-13,131,False,Twitter,False,1,Winter,3320,995389.0,5.06,"Viral Vector, mRNA"
2021-01-28,16372,-2,MelBrown💖GH Actors💓 I💜JASAM +others,United States,2009-04-24,820,False,Twitter,False,-1,Winter,4297,1408427.0,10.34,"Viral Vector, mRNA"
2021-01-13,16097,-3,MsMetamorphose 💙,United States,2010-07-03,535,False,Twitter,False,1,Winter,3847,974472.0,4.67,"Viral Vector, mRNA"
2021-01-09,13190,-13,Peter Krykant 🏴󠁧󠁢󠁳󠁣󠁴󠁿🇪🇺🏳️‍🌈,United States,2010-08-25,5891,False,Twitter,False,1,Winter,3790,795150.0,3.49,"Viral Vector, mRNA"
2021-01-13,16097,-3,Local Government Association,United Kingdom,2010-06-24,35819,True,hootsuite inc.,False,1,Winter,3856,226086.0,4.92,"Viral Vector, mRNA"
2021-01-13,16097,-3,Ramona Grigg,United States,2009-09-20,5251,False,Twitter,False,0,Winter,4133,974472.0,4.67,"Viral Vector, mRNA"
2021-01-25,12153,7,Emma Reffell,United States,2009-10-22,583,False,Twitter,False,-1,Winter,4113,1269091.0,8.67,"Viral Vector, mRNA"
2021-01-29,15066,-8,patricia.76.ann,United States,2020-08-01,211,False,Twitter,False,1,Winter,181,1449389.0,10.92,"Viral Vector, mRNA"
2021-01-28,16372,-2,Brendan O'Connor,United States,2013-05-18,156,False,Twitter,False,0,Winter,2812,1408427.0,10.34,"Viral Vector, mRNA"
2021-01-21,17049,1,🐝 RonnieT 🌿,United States,2020-09-17,98,False,Twitter,False,-1,Winter,126,1096767.0,7.37,"Viral Vector, mRNA"
2021-01-27,16670,1,Biodun Lahan,United States,2011-07-22,128,False,Twitter,False,1,Winter,3477,1361194.0,9.75,"Viral Vector, mRNA"
2021-01-20,16836,4,Blue State Bear 💋💖📚🔥🇺🇸,United States,2016-08-19,1571,False,Twitter,False,-1,Winter,1615,1051843.0,6.88,"Viral Vector, mRNA"
2021-01-22,15956,-6,Dr Fay Crawford-Manning,United States,2019-09-02,84,False,Twitter,False,1,Winter,508,1149689.0,7.86,"Viral Vector, mRNA"
2021-01-14,16091,0,Lopecci,United States,2011-05-18,855,False,Twitter,False,-1,Winter,3529,995389.0,5.06,"Viral Vector, mRNA"
2021-01-14,16091,0,Johnathan Ho,United Kingdom,2010-09-19,130,False,Twitter,False,0,Winter,3770,250052.0,5.39,"Viral Vector, mRNA"
2021-01-14,16091,0,"Courtney Cantrell, Bene Galadriel Witch",United States,2010-05-16,3003,False,Twitter,False,0,Winter,3896,995389.0,5.06,"Viral Vector, mRNA"
2021-01-14,16091,0,A smith,United States,2009-05-12,450,False,Twitter,False,-1,Winter,4265,995389.0,5.06,"Viral Vector, mRNA"
2021-01-13,16097,-3,Mr Grumble,United Kingdom,2015-11-17,18,False,Twitter,False,0,Winter,1884,226086.0,4.92,"Viral Vector, mRNA"
2021-01-26,16467,35,Joan,Canada,2013-08-04,40,False,Twitter,False,0,Winter,2732,31390.0,2.32,"Viral Vector, mRNA"
2021-01-29,15066,-8,Judy Schloss,United States,2020-10-01,257,False,Twitter,False,0,Winter,120,1449389.0,10.92,"Viral Vector, mRNA"
2021-01-22,15956,-6,Tom Canavan,United States,2009-07-23,3246,False,Twitter,False,0,Winter,4201,1149689.0,7.86,"Viral Vector, mRNA"
2021-01-15,15450,-4,Nuclear Heat Graphics,United States,2012-04-24,1073,False,Twitter,False,1,Winter,3188,998294.0,5.44,"Viral Vector, mRNA"
2021-01-22,15956,-6,Shaila Kumar💙,United States,2014-10-06,148,False,Twitter,False,1,Winter,2300,1149689.0,7.86,"Viral Vector, mRNA"
2021-01-19,16189,36,LePetLuxe,United States,2013-03-08,287,False,Twitter,False,1,Winter,2874,1012022.0,6.4,"Viral Vector, mRNA"
2021-01-20,16836,4,john maddocks,United States,2012-06-06,289,False,Twitter,False,-1,Winter,3150,1051843.0,6.88,"Viral Vector, mRNA"
2021-01-10,10703,-19,Age Friendly Ireland,United States,2013-11-28,2449,False,Twitter,False,1,Winter,2600,811188.0,3.56,"Viral Vector, mRNA"
2021-01-29,15066,-8,Shadim Hussain,United States,2015-09-11,1267,False,Twitter,False,1,Winter,1967,1449389.0,10.92,"Viral Vector, mRNA"
2021-01-24,11381,-22,QofWands,United States,2017-05-25,13,False,Twitter,False,-1,Winter,1340,1199347.0,8.26,"Viral Vector, mRNA"
2021-01-08,15189,1,"Gregory Kapinos, MD",United States,2011-02-03,259,False,Twitter,False,-1,Winter,3627,760215.0,3.34,"Viral Vector, mRNA"
2021-01-13,16097,-3,marléne x,United States,2011-09-11,655,False,Twitter,False,1,Winter,3412,974472.0,4.67,"Viral Vector, mRNA"
2021-01-21,17049,1,CAS Dataloggers,United States,2010-06-08,657,False,Twitter,False,0,Winter,3880,1096767.0,7.37,"Viral Vector, mRNA"
2021-01-27,16670,1,Beard gang 2.0,United States,2012-07-06,4103,False,Twitter,False,0,Winter,3127,1361194.0,9.75,"Viral Vector, mRNA"
2021-01-26,16467,35,truthbytarot,United States,2020-11-28,6,False,Twitter,False,0,Winter,59,1314124.0,9.17,"Viral Vector, mRNA"
2021-01-22,15956,-6,☪️🅰️〽️™️,United States,2011-02-10,154,False,nintendo switch share,False,0,Winter,3634,1149689.0,7.86,"Viral Vector, mRNA"
2021-01-13,16097,-3,Whispering Eye,United States,2014-02-14,16,False,Twitter,False,-1,Winter,2525,974472.0,4.67,"Viral Vector, mRNA"
2021-01-22,15956,-6,CIPR Health,United Kingdom,2019-01-28,832,False,Twitter,False,1,Winter,725,329466.0,9.28,"Viral Vector, mRNA"
2021-01-15,15450,-4,Nuala Woulfe,United States,2010-04-28,1724,False,Twitter,False,1,Winter,3915,998294.0,5.44,"Viral Vector, mRNA"
2021-01-15,15450,-4,Sam Harris,United States,2009-04-04,674,False,Twitter,False,1,Winter,4304,998294.0,5.44,"Viral Vector, mRNA"
2021-01-13,16097,-3,Michelle Wallace,United States,2015-02-28,296,False,Twitter,False,1,Winter,2146,974472.0,4.67,"Viral Vector, mRNA"
2021-01-21,17049,1,CFS is not M.E.,United States,2011-02-14,1792,False,Twitter,False,-1,Winter,3629,1096767.0,7.37,"Viral Vector, mRNA"
2021-01-14,16091,0,Cleaningatyourplace,United States,2016-05-01,512,False,Twitter,False,1,Winter,1719,995389.0,5.06,"Viral Vector, mRNA"
2021-01-08,15189,1,Dr. Maria Cohut,United States,2017-11-10,406,False,Twitter,False,1,Winter,1155,760215.0,3.34,"Viral Vector, mRNA"
2021-01-15,15450,-4,Jen 🌿,United States,2009-03-27,236,False,Twitter,False,1,Winter,4312,998294.0,5.44,"Viral Vector, mRNA"
2021-01-31,10576,-21,Zoe' ❤🌈❤,United States,2015-11-19,609,False,Twitter,False,1,Winter,1900,1474485.0,11.37,"Viral Vector, mRNA"
2021-01-26,16467,35,Kisiriko Vincent,United States,2015-12-23,2980,False,Twitter,False,0,Winter,1861,1314124.0,9.17,"Viral Vector, mRNA"
2021-01-29,15066,-8,Delaware Estuary,United States,2013-05-01,2096,False,Twitter,False,1,Winter,2830,1449389.0,10.92,"Viral Vector, mRNA"
2021-01-28,16372,-2,GAPELI,United States,2013-11-24,81,False,Twitter,False,0,Winter,2622,1408427.0,10.34,"Viral Vector, mRNA"
2021-01-22,15956,-6,Lucie Rayner,United States,2011-01-23,406,False,Twitter,False,1,Winter,3652,1149689.0,7.86,"Viral Vector, mRNA"
2021-01-25,12153,7,North Belfast Lady,United States,2020-02-04,704,False,Twitter,False,1,Winter,356,1269091.0,8.67,"Viral Vector, mRNA"
2021-01-26,16467,35,Darsh Patel,United Kingdom,2016-10-14,14,False,Twitter,False,-1,Winter,1565,366883.0,11.2,"Viral Vector, mRNA"
2021-01-14,16091,0,Anna Hunter,United States,2012-07-21,265,False,Twitter,False,1,Winter,3099,995389.0,5.06,"Viral Vector, mRNA"
2021-01-20,16836,4,Eliana Goncalves,Portugal,2019-10-14,833,False,Twitter,False,0,Winter,464,11348.0,1.86,"Viral Vector, mRNA"
2021-01-13,16097,-3,Cantalician Center,United States,2014-11-24,569,False,Twitter,False,0,Winter,2242,974472.0,4.67,"Viral Vector, mRNA"
2021-01-10,10703,-19,Rachel Leah,United States,2017-09-17,154,False,Twitter,False,-1,Winter,1211,811188.0,3.56,"Viral Vector, mRNA"
2021-01-31,10576,-21,Paula-Jayne 💙,United States,2012-02-04,207,False,Twitter,False,0,Winter,3284,1474485.0,11.37,"Viral Vector, mRNA"
2021-01-15,15450,-4,Thunder Dragon,United States,2016-07-26,2155,False,Twitter,False,0,Winter,1634,998294.0,5.44,"Viral Vector, mRNA"
2021-01-28,16372,-2,carol@givespacepeach.com,United States,2017-08-17,148,False,Twitter,False,1,Winter,1260,1408427.0,10.34,"Viral Vector, mRNA"
2021-01-30,13333,-12,Meryl PharmD 😷💉❤️ #VoteFromAbroad,France,2018-11-07,1215,False,Twitter,False,0,Winter,815,83874.0,2.55,"Viral Vector, mRNA"
2021-01-20,16836,4,Ljubica1,United Kingdom,2009-05-31,1015,False,Twitter,False,1,Winter,4252,297294.0,7.97,"Viral Vector, mRNA"
2021-01-25,12153,7,Thoughttravel24bpersecond,United States,2012-12-05,2244,False,Twitter,False,1,Winter,2973,1269091.0,8.67,"Viral Vector, mRNA"
2021-01-26,16467,35,Leigh John Hilton,United States,2012-03-02,134,False,Twitter,False,1,Winter,3252,1314124.0,9.17,"Viral Vector, mRNA"
2021-01-28,16372,-2,LTHT NIHR BioResource,United States,2018-10-19,147,False,Twitter,False,1,Winter,832,1408427.0,10.34,"Viral Vector, mRNA"
2021-01-14,16091,0,Elle Skinner,United States,2010-01-17,230,False,Instagram,False,0,Winter,4015,995389.0,5.06,"Viral Vector, mRNA"
2021-01-24,11381,-22,"John Petrie #European, Stay In",United States,2018-05-21,6232,False,Twitter,False,-1,Winter,979,1199347.0,8.26,"Viral Vector, mRNA"
2021-01-29,15066,-8,Brian C 🇨🇦 🏌️,Canada,2009-06-22,1735,False,Twitter,False,0,Winter,4239,23597.0,2.5,"Viral Vector, mRNA"
2021-01-31,10576,-21,Ninjerky 1000 Follower Goal,United States,2014-07-28,445,False,Twitter,False,1,Winter,2379,1474485.0,11.37,"Viral Vector, mRNA"
2021-01-31,10576,-21,'Sir' Nisar Mir #StaySafe 🇬🇧❤️🇪🇺,United States,2009-03-02,1203,False,Twitter,False,1,Winter,4353,1474485.0,11.37,"Viral Vector, mRNA"
2021-01-22,15956,-6,"Pinar Keskinocak, Ph.D.",United States,2020-03-15,710,False,Twitter,False,0,Winter,313,1149689.0,7.86,"Viral Vector, mRNA"
2021-01-19,16189,36,James Morton,United States,2009-08-01,61090,False,Twitter,False,1,Winter,4189,1012022.0,6.4,"Viral Vector, mRNA"
2021-01-14,16091,0,farida tootla,United States,2012-04-02,73,False,Twitter,False,-1,Winter,3209,995389.0,5.06,"Viral Vector, mRNA"
2021-01-28,16372,-2,Amy Day,United States,2017-12-01,60,False,Twitter,False,1,Winter,1154,1408427.0,10.34,"Viral Vector, mRNA"
2021-01-15,15450,-4,Nancy St.Stacey; your entanglement lawyer's lawyer,United States,2018-07-20,51,False,Twitter,False,1,Winter,910,998294.0,5.44,"Viral Vector, mRNA"
2021-01-14,16091,0,Dr Andrew Douglas,United States,2020-03-19,32,False,Twitter,False,1,Winter,301,995389.0,5.06,"Viral Vector, mRNA"
2021-01-14,16091,0,John Sheehan,United States,2007-03-19,3017,False,Twitter,False,0,Winter,5050,995389.0,5.06,"Viral Vector, mRNA"
2021-01-31,10576,-21,Erin Roberson (she/her),United States,2020-01-14,72,False,Twitter,False,1,Winter,383,1474485.0,11.37,"Viral Vector, mRNA"
2021-01-22,15956,-6,Lyndon Roberts,United States,2020-06-24,148,False,Twitter,False,-1,Winter,212,1149689.0,7.86,"Viral Vector, mRNA"
2021-01-15,15450,-4,Paul Atkinson,United States,2017-08-18,282,False,Twitter,False,1,Winter,1246,998294.0,5.44,"Viral Vector, mRNA"
2021-01-30,13333,-12,Erik F. EXOR Cryptocurrency Co-Founder,United States,2012-05-08,3109,False,Twitter,False,1,Winter,3189,1465310.0,11.23,"Viral Vector, mRNA"
2021-01-08,15189,1,Paul Sull,United States,2009-09-20,294,False,Twitter,False,1,Winter,4128,760215.0,3.34,"Viral Vector, mRNA"
2021-01-21,17049,1,YoSoloQuieroViajaryJoder,United States,2013-07-24,83,False,Twitter,False,0,Winter,2738,1096767.0,7.37,"Viral Vector, mRNA"
2021-01-26,16467,35,Montgomery County NY,United States,2015-05-20,925,False,Twitter,False,0,Winter,2078,1314124.0,9.17,"Viral Vector, mRNA"
2021-01-08,15189,1,Meg FNP,United States,2011-11-11,533,False,Twitter,False,1,Winter,3346,760215.0,3.34,"Viral Vector, mRNA"
2021-01-25,12153,7,Rob Sarvis,United States,2009-02-19,503,False,TweetDeck,False,0,Winter,4358,1269091.0,8.67,"Viral Vector, mRNA"
2021-01-21,17049,1,Hourglass Scotland,United States,2015-07-08,444,False,hootsuite inc.,False,-1,Winter,2024,1096767.0,7.37,"Viral Vector, mRNA"
2021-01-29,15066,-8,Capacity,United States,2017-01-25,1271,False,hootsuite inc.,False,1,Winter,1465,1449389.0,10.92,"Viral Vector, mRNA"
2021-01-13,16097,-3,Mark DH,United Kingdom,2009-01-30,1460,False,Twitter,False,1,Winter,4366,226086.0,4.92,"Viral Vector, mRNA"
2021-02-21,7226,-20,Lekhak Bhattacharjee,United States,2018-04-06,32778,False,Twitter,False,1,Winter,1052,1498513.0,21.93,"Viral Vector, mRNA"
2021-02-19,10955,-3,Leon R Skerritt 🇬🇧🇰🇳🇲🇸,United States,2015-09-22,244,False,Twitter,False,0,Winter,1977,1522140.0,21.36,"Viral Vector, mRNA"
2021-02-10,12986,-2,Jeremy Kidd,United States,2017-07-28,535,False,Twitter,False,0,Winter,1293,1757664.0,16.64,"Viral Vector, mRNA"
2021-02-11,13141,1,Jim Sheetz,United States,2012-02-02,278,False,Twitter,False,1,Winter,3297,1766289.0,17.37,"Viral Vector, mRNA"
2021-02-27,8554,-12,JerzeeGirlNJ,United States,2018-04-29,1,False,Twitter,False,-1,Winter,1035,2081191.0,26.14,"Viral Vector, mRNA"
2021-02-22,7689,6,Wanda Allen,United States,2017-05-12,55,False,Twitter,False,-1,Winter,1382,1539070.0,22.37,"Viral Vector, mRNA"
2021-02-04,14149,-2,Inside Edge,United States,2009-06-05,77,False,hootsuite inc.,False,1,Winter,4262,1565294.0,13.64,"Viral Vector, mRNA"
2021-02-23,10626,38,Dr Alicia Stark,United Kingdom,2011-03-05,470,False,Twitter,False,1,Winter,3643,344633.0,27.73,"Viral Vector, mRNA"
2021-02-11,13141,1,Patriot MADdad,United States,2015-06-28,29,False,Twitter,False,0,Winter,2055,1766289.0,17.37,"Viral Vector, mRNA"
2021-02-08,10063,15,Angeli Vigo,United States,2019-08-06,191,False,Twitter,False,1,Winter,552,1694255.0,15.35,"Viral Vector, mRNA"
2021-02-18,11321,7,MickeLady #BlackLivesMatter,United States,2009-10-25,153,False,Twitter,False,1,Winter,4134,1610358.0,20.76,"Viral Vector, mRNA"
2021-02-18,11321,7,Vineet Tiruvadi,United States,2019-02-20,890,False,Twitter,False,0,Winter,729,1610358.0,20.76,"Viral Vector, mRNA"
2021-02-25,10585,3,Carli,United States,2020-04-08,44,False,Twitter,False,0,Winter,323,1818899.0,24.6,"Viral Vector, mRNA"
2021-02-27,8554,-12,देशभक्त DOCTOR🇮🇳,India,2017-02-11,289,False,Twitter,False,0,Winter,1477,486318.0,1.02,"Other, Viral Vector"
2021-02-14,7782,-26,Krisda H Chaiyachati,United States,2013-11-12,945,False,Twitter,False,0,Winter,2651,1845001.0,18.77,"Viral Vector, mRNA"
2021-02-17,10610,3,Alison Bowdren,United States,2018-05-20,143,False,Twitter,False,1,Winter,1004,1688810.0,20.2,"Viral Vector, mRNA"
2021-02-19,10955,-3,Malaine Gill,United States,2019-11-14,168,False,Twitter,False,0,Winter,463,1522140.0,21.36,"Viral Vector, mRNA"
2021-02-01,11299,7,Nitesh,United States,2021-01-02,7,False,Twitter,False,1,Winter,30,1476124.0,11.78,"Viral Vector, mRNA"
2021-02-21,7226,-20,Nasiruddin,United States,2015-11-12,1312,False,Twitter,False,1,Winter,1928,1498513.0,21.93,"Viral Vector, mRNA"
2021-02-11,13141,1,ItsMisterBrooks2U,United States,2012-12-23,22,False,Twitter,False,0,Winter,2972,1766289.0,17.37,"Viral Vector, mRNA"
2021-02-17,10610,3,Joseph Gonzalez 😷🇬🇮🇬🇧🎗Secret Squirrel,Gibraltar,2009-10-17,629,False,Twitter,False,1,Winter,4141,813.0,82.18,"Viral Vector, mRNA"
2021-02-05,13677,-3,Hall Green Health,United States,2017-10-18,457,False,Twitter,False,1,Winter,1206,1628332.0,14.35,"Viral Vector, mRNA"
2021-02-08,10063,15,Anita Paul,United States,2011-08-14,270,False,Twitter,False,0,Winter,3466,1694255.0,15.35,"Viral Vector, mRNA"
2021-02-13,10563,-11,drjana,United States,2015-11-24,83,False,Twitter,False,-1,Winter,1908,1823847.0,18.59,"Viral Vector, mRNA"
2021-02-08,10063,15,Tony Antoniou,United Kingdom,2016-05-07,158,False,Twitter,False,0,Winter,1738,431338.0,19.3,"Viral Vector, mRNA"
2021-02-15,8042,3,Lancashire & South Cumbria NHS Foundation Trust,United States,2009-06-29,14756,True,Twitter,False,1,Winter,4249,1787634.0,19.12,"Viral Vector, mRNA"
2021-02-12,11829,-10,"Sharon Hunter, SCMP",Canada,2008-09-05,1389,False,Twitter,False,0,Winter,4543,26403.0,3.27,"Viral Vector, mRNA"
2021-02-26,9766,-8,Community Shares,United States,2010-08-30,715,False,Twitter,False,1,Winter,3833,1982722.0,25.54,"Viral Vector, mRNA"
2021-02-15,8042,3,Broxtowe Borough Council,United Kingdom,2009-06-23,7907,True,Twitter,False,1,Winter,4255,422771.0,23.64,"Viral Vector, mRNA"
2021-02-03,14392,-4,🇨🇦Marie🏆🍾,Canada,2009-10-03,1542,False,Twitter,False,1,Winter,4141,15816.0,2.67,"Viral Vector, mRNA"
2021-02-27,8554,-12,🏴󠁧󠁢󠁷󠁬󠁳󠁿🦢Nicola Lester 🦢🏴󠁧󠁢󠁷󠁬󠁳󠁿,United Kingdom,2009-04-20,746,False,Twitter,False,0,Winter,4331,384059.0,30.62,"Viral Vector, mRNA"
2021-02-11,13141,1,Michelle Davies,United States,2010-11-23,787,False,LinkedIn,False,1,Winter,3733,1766289.0,17.37,"Viral Vector, mRNA"
2021-02-13,10563,-11,Defra UK,United Kingdom,2009-06-23,166529,True,Socialbakers,False,0,Winter,4253,439024.0,22.87,"Viral Vector, mRNA"
2021-02-18,11321,7,"Fiverr Seller, Digital Marketer",United States,2018-10-08,28,False,Twitter,False,0,Winter,864,1610358.0,20.76,"Viral Vector, mRNA"
2021-02-12,11829,-10,Tamara Campbell,United States,2014-05-29,1224,False,Instagram,False,1,Winter,2451,1799027.0,18.15,"Viral Vector, mRNA"
2021-02-22,7689,6,Now and How,United Kingdom,2020-11-05,26,False,Twitter,False,1,Winter,109,348100.0,27.21,"Viral Vector, mRNA"
2021-02-19,10955,-3,HM Government North,United States,2012-10-15,9410,True,Twitter,False,1,Winter,3049,1522140.0,21.36,"Viral Vector, mRNA"
2021-02-26,9766,-8,Edward O,United States,2009-03-23,107,False,Twitter,False,0,Winter,4358,1982722.0,25.54,"Viral Vector, mRNA"
2021-02-02,14931,32,Louise Davies,United States,2011-03-23,2123,False,Twitter,False,1,Winter,3604,1481016.0,12.29,"Viral Vector, mRNA"
2021-02-21,7226,-20,Zoltan Dickinson 💙,United States,2020-05-27,38,False,Twitter,False,-1,Winter,270,1498513.0,21.93,"Viral Vector, mRNA"
2021-02-05,13677,-3,Jeremy Kirby,United States,2009-07-09,412,False,Twitter,False,-1,Winter,4229,1628332.0,14.35,"Viral Vector, mRNA"
2021-02-19,10955,-3,Sarah Carmicheal,United Kingdom,2011-08-20,605,False,Twitter,False,1,Winter,3471,394376.0,26.17,"Viral Vector, mRNA"
2021-02-17,10610,3,Rachel Ravina,United States,2012-11-24,308,False,Twitter,False,-1,Winter,3007,1688810.0,20.2,"Viral Vector, mRNA"
2021-02-11,13141,1,Matthew Scampoli,United States,2009-04-17,235,False,Twitter,False,0,Winter,4318,1766289.0,17.37,"Viral Vector, mRNA"
2021-02-22,7689,6,J Carter ☕️,United States,2009-11-19,41,False,Twitter,False,-1,Winter,4113,1539070.0,22.37,"Viral Vector, mRNA"
2021-02-21,7226,-20,murphysaid,United States,2018-04-28,49,False,Twitter,False,0,Winter,1030,1498513.0,21.93,"Viral Vector, mRNA"
2021-02-02,14931,32,Amanda C,United Kingdom,2011-01-20,40,False,Twitter,False,0,Winter,3666,411699.0,15.42,"Viral Vector, mRNA"
2021-02-02,14931,32,Liz FW #Shielding #UnpaidCarers,United States,2020-05-10,284,False,Twitter,False,0,Winter,268,1481016.0,12.29,"Viral Vector, mRNA"
2021-02-11,13141,1,AARP Michigan,United States,2009-05-12,5226,False,Twitter,False,0,Winter,4293,1766289.0,17.37,"Viral Vector, mRNA"
2021-02-18,11321,7,Grant’s Consumer Insights,United States,2018-05-28,19,False,Twitter,False,-1,Winter,997,1610358.0,20.76,"Viral Vector, mRNA"
2021-02-12,11829,-10,Larry Kociolek,United States,2011-02-13,269,False,Twitter,False,1,Winter,3652,1799027.0,18.15,"Viral Vector, mRNA"
2021-02-04,14149,-2,Markus (In The Darkus) Goldman,United States,2008-11-25,4977,False,Twitter,False,-1,Winter,4454,1565294.0,13.64,"Viral Vector, mRNA"
2021-02-28,6848,-20,Brian Daniel Eisenberg -∞+,United States,2007-01-20,783,False,Twitter,False,1,Winter,5153,2118304.0,26.39,"Viral Vector, mRNA"
2021-02-17,10610,3,a free spinster quarantined #StayHomeSaveLives,United States,2012-10-30,545,False,Twitter,False,0,Winter,3032,1688810.0,20.2,"Viral Vector, mRNA"
2021-02-23,10626,38,V.I. Daily News,United States,2009-06-19,691,False,Twitter,False,0,Winter,4267,1584243.0,22.95,"Viral Vector, mRNA"
2021-02-03,14392,-4,Pallavi,United States,2010-02-01,924,False,Twitter,False,1,Winter,4020,1510432.0,12.94,"Viral Vector, mRNA"
2021-02-20,9029,-18,Sunkiss't by Sunshines,United States,2009-06-30,162,False,Twitter,False,1,Winter,4253,1498060.0,21.75,"Viral Vector, mRNA"
2021-02-21,7226,-20,Political Pharmacist,United States,2019-07-24,916,False,Twitter,False,1,Winter,578,1498513.0,21.93,"Viral Vector, mRNA"
2021-02-17,10610,3,💗💛💙 PhoenixOwl Cosplay 💗💛💙,United States,2016-06-21,67,False,Twitter,False,0,Winter,1702,1688810.0,20.2,"Viral Vector, mRNA"
2021-02-12,11829,-10,🌊 Josh smokeed 🔁 #FBR,United States,2007-12-30,2734,False,Twitter,False,1,Winter,4793,1799027.0,18.15,"Viral Vector, mRNA"
2021-02-24,10242,-4,Shiksha News,India,2019-08-27,2,False,Twitter,False,1,Winter,547,454268.0,0.89,"Other, Viral Vector"
2021-02-16,10297,28,BritFertSoc,United Kingdom,2012-04-15,5015,False,Twitter,False,0,Winter,3229,417385.0,24.19,"Viral Vector, mRNA"
2021-02-24,10242,-4,KM,United States,2010-11-22,150,False,Twitter,False,1,Winter,3747,1664510.0,23.71,"Viral Vector, mRNA"
2021-02-06,11699,-14,pixelscribe8,United States,2011-02-26,187,False,Twitter,False,0,Winter,3633,1668641.0,14.75,"Viral Vector, mRNA"
2021-02-03,14392,-4,Katie Gibson,United States,2015-05-13,56,False,Twitter,False,-1,Winter,2093,1510432.0,12.94,"Viral Vector, mRNA"
2021-02-26,9766,-8,Mr M,United Kingdom,2011-10-03,55,False,Twitter,False,1,Winter,3434,371219.0,29.98,"Viral Vector, mRNA"
2021-02-04,14149,-2,Keely Wells,United Kingdom,2011-03-07,233,False,Twitter,False,0,Winter,3622,443943.0,16.83,"Viral Vector, mRNA"
2021-02-10,12986,-2,James Neish,Gibraltar,2010-11-20,4199,False,Twitter,False,0,Winter,3735,832.0,65.3,"Viral Vector, mRNA"
2021-02-08,10063,15,Times of Pakistan,United States,2010-09-16,1619,False,Twitter,False,-1,Winter,3798,1694255.0,15.35,"Viral Vector, mRNA"
2021-02-12,11829,-10,Michele 🏃‍♀️,United States,2020-07-23,151,False,Twitter,False,0,Winter,204,1799027.0,18.15,"Viral Vector, mRNA"
2021-02-04,14149,-2,Vanessa Heaney,United Kingdom,2009-04-05,240,False,Twitter,False,1,Winter,4323,443943.0,16.83,"Viral Vector, mRNA"
2021-02-06,11699,-14,K.N.Vinod,United States,2009-01-22,3621,True,Twitter,False,0,Winter,4398,1668641.0,14.75,"Viral Vector, mRNA"
2021-02-14,7782,-26,Big Ang✨,United States,2011-07-12,217,False,Twitter,False,0,Winter,3505,1845001.0,18.77,"Viral Vector, mRNA"
2021-02-05,13677,-3,NYC Nurse,United States,2020-10-05,1,False,Twitter,False,-1,Winter,123,1628332.0,14.35,"Viral Vector, mRNA"
2021-02-23,10626,38,Heather Wright,United States,2014-02-15,453,False,Twitter,False,1,Winter,2565,1584243.0,22.95,"Viral Vector, mRNA"
2021-02-11,13141,1,Manu 🇧🇷 🇬🇧 😇🙏🏻,United Kingdom,2009-06-04,358,False,Twitter,False,1,Winter,4270,437897.0,21.32,"Viral Vector, mRNA"
2021-02-02,14931,32,Chef Dennis,United States,2010-03-05,75675,False,Twitter,False,0,Winter,3987,1481016.0,12.29,"Viral Vector, mRNA"
2021-02-21,7226,-20,Ham&High,United States,2009-02-24,21917,True,TweetDeck,False,0,Winter,4380,1498513.0,21.93,"Viral Vector, mRNA"
2021-02-06,11699,-14,Donna Thomson,Canada,2009-05-24,2991,False,Twitter,False,1,Winter,4276,16219.0,2.84,"Viral Vector, mRNA"
2021-02-10,12986,-2,CMom Biden My President🇺🇸,United States,2015-02-14,9537,False,Twitter,False,1,Winter,2188,1757664.0,16.64,"Viral Vector, mRNA"
2021-02-16,10297,28,Bryan Walker,United Kingdom,2011-07-17,86,False,Twitter,False,1,Winter,3502,417385.0,24.19,"Viral Vector, mRNA"
2021-02-03,14392,-4,JDRF North Texas Oklahoma,United States,2010-03-11,924,False,Twitter,False,1,Winter,3982,1510432.0,12.94,"Viral Vector, mRNA"
2021-02-18,11321,7,Clearvista Lake HC,India,2014-10-03,565,False,sprinklr,False,1,Winter,2330,334502.0,0.71,"Other, Viral Vector"
2021-02-13,10563,-11,Eliza Montoya,United States,2017-10-06,52,False,Twitter,False,1,Winter,1226,1823847.0,18.59,"Viral Vector, mRNA"
2021-02-01,11299,7,Dr Christina Maslen💙NHS💙 🇪🇺 #RejoinEU,United Kingdom,2010-09-12,148,False,Twitter,False,1,Winter,3795,402534.0,14.87,"Viral Vector, mRNA"
2021-02-19,10955,-3,Jan Swann,United States,2014-11-14,299,False,Twitter,False,1,Winter,2289,1522140.0,21.36,"Viral Vector, mRNA"
2021-02-07,8784,-25,Alex Rankine - 💙 #NoToYes 💉,United States,2015-08-20,77,False,Twitter,False,1,Winter,1998,1666449.0,14.88,"Viral Vector, mRNA"
2021-02-23,10626,38,Tudor Geek,United States,2010-09-25,863,False,Twitter,False,1,Winter,3804,1584243.0,22.95,"Viral Vector, mRNA"
2021-02-13,10563,-11,S.W. | Uyghur 维吾尔,United States,2017-12-08,459,False,Twitter,False,0,Winter,1163,1823847.0,18.59,"Viral Vector, mRNA"
2021-02-17,10610,3,Liz Saldana,United States,2012-07-22,1455,False,Buffer,False,1,Winter,3132,1688810.0,20.2,"Viral Vector, mRNA"
2021-02-09,13273,32,LifeWorks Group FL,United States,2009-05-20,245,False,hootsuite inc.,False,0,Winter,4283,1733933.0,15.95,"Viral Vector, mRNA"
2021-02-01,11299,7,COlario,Singapore,2009-05-22,130,False,Twitter,False,-1,Winter,4273,11466.0,3.02,"Inactivated, mRNA"
2021-02-14,7782,-26,Joe Allen,United Kingdom,2011-06-05,110,False,Twitter,False,0,Winter,3542,433313.0,23.22,"Viral Vector, mRNA"
2021-02-09,13273,32,Health Products For You,United States,2009-05-13,9194,False,Sendible,False,0,Winter,4290,1733933.0,15.95,"Viral Vector, mRNA"
2021-02-04,14149,-2,Ami 💙,United States,2012-10-05,20,False,Twitter,False,-1,Winter,3044,1565294.0,13.64,"Viral Vector, mRNA"
2021-02-02,14931,32,Raja Furqan Ahmed,United States,2015-10-06,1618,False,Twitter,False,1,Winter,1946,1481016.0,12.29,"Viral Vector, mRNA"
2021-02-09,13273,32,Susie Q Travels,United States,2014-11-17,1696,False,Twitter,False,0,Winter,2276,1733933.0,15.95,"Viral Vector, mRNA"
2021-02-17,10610,3,Julia Laude,United States,2014-09-04,353,True,Twitter,False,0,Winter,2358,1688810.0,20.2,"Viral Vector, mRNA"
2021-02-22,7689,6,I'm Rasiya ☕️🖊,United States,2014-08-13,1719,False,Twitter,False,0,Winter,2385,1539070.0,22.37,"Viral Vector, mRNA"
2021-02-19,10955,-3,Newcastle Libraries,United States,2009-03-17,11434,True,hootsuite inc.,False,1,Winter,4357,1522140.0,21.36,"Viral Vector, mRNA"
2021-02-21,7226,-20,Aly Jones,United States,2009-08-08,696,False,Twitter,False,1,Winter,4215,1498513.0,21.93,"Viral Vector, mRNA"
2021-02-04,14149,-2,"Kerry Wilkins, MD",United States,2019-06-20,628,False,Twitter,False,0,Winter,595,1565294.0,13.64,"Viral Vector, mRNA"
2021-02-23,10626,38,Nathan James ☮️🇺🇸,United States,2020-12-07,855,False,Twitter,False,1,Winter,78,1584243.0,22.95,"Viral Vector, mRNA"
2021-02-06,11699,-14,Andrew Wall,United States,2015-11-09,71,False,Twitter,False,1,Winter,1916,1668641.0,14.75,"Viral Vector, mRNA"
2021-02-03,14392,-4,Marisa Roberts,United States,2010-09-25,67,False,Twitter,False,0,Winter,3784,1510432.0,12.94,"Viral Vector, mRNA"
2021-02-19,10955,-3,Mark O'Doherty,United States,2010-07-13,707,False,Twitter,False,1,Winter,3874,1522140.0,21.36,"Viral Vector, mRNA"
2021-02-23,10626,38,Caroline Le Bourgeois,United States,2018-03-28,3618,False,Twitter,False,0,Winter,1063,1584243.0,22.95,"Viral Vector, mRNA"
2021-02-06,11699,-14,Katie Grom,United States,2009-04-09,204,False,Twitter,False,0,Winter,4321,1668641.0,14.75,"Viral Vector, mRNA"
2021-02-26,9766,-8,Vanessa Luna,United States,2018-02-02,387,False,Twitter,False,1,Winter,1120,1982722.0,25.54,"Viral Vector, mRNA"
2021-02-23,10626,38,Tim Wrightson,United States,2010-03-11,1066,False,Twitter,False,1,Winter,4002,1584243.0,22.95,"Viral Vector, mRNA"
2021-02-11,13141,1,G16 COVID-19 Testing,United Kingdom,2020-03-12,816,False,Twitter,False,0,Winter,336,437897.0,21.32,"Viral Vector, mRNA"
2021-02-27,8554,-12,Marie Walshe,United States,2010-04-21,3403,False,Twitter,False,1,Winter,3965,2081191.0,26.14,"Viral Vector, mRNA"
2021-02-11,13141,1,PracticalKapital,United States,2019-07-16,87,False,Twitter,False,0,Winter,576,1766289.0,17.37,"Viral Vector, mRNA"
2021-02-03,14392,-4,David J. Chamberlin,United States,2012-01-25,2290,False,Twitter,False,0,Winter,3297,1510432.0,12.94,"Viral Vector, mRNA"
2021-02-01,11299,7,Chris Rawlins,United States,2010-05-15,364,False,Twitter,False,0,Winter,3915,1476124.0,11.78,"Viral Vector, mRNA"
2021-02-22,7689,6,Naughtylilprincess12,United Kingdom,2020-12-26,108,False,Twitter,False,1,Winter,58,348100.0,27.21,"Viral Vector, mRNA"
2021-02-04,14149,-2,Larry Mullins,United States,2009-10-16,291,False,Twitter,False,1,Winter,4129,1565294.0,13.64,"Viral Vector, mRNA"
2021-02-24,10242,-4,Community Integrated,United Kingdom,2014-01-28,10883,True,Twitter,False,0,Winter,2584,342250.0,28.43,"Viral Vector, mRNA"
2021-02-11,13141,1,Victorian Dad,United Kingdom,2009-04-23,197,False,Twitter,False,1,Winter,4312,437897.0,21.32,"Viral Vector, mRNA"
2021-02-12,11829,-10,Evi Numen,United States,2009-06-08,763,False,Twitter,False,1,Winter,4267,1799027.0,18.15,"Viral Vector, mRNA"
2021-02-21,7226,-20,Elinor🌹 Biden Will Nickel & Dime Working People,United States,2016-01-25,518,False,Twitter,False,0,Winter,1854,1498513.0,21.93,"Viral Vector, mRNA"
2021-02-10,12986,-2,Berm&OldSthwrkLabour,United States,2010-11-17,2953,False,Twitter,False,0,Winter,3738,1757664.0,16.64,"Viral Vector, mRNA"
2021-02-28,6848,-20,Clintstone is for objectivity over politicization,United States,2015-06-13,84,False,Twitter,False,0,Winter,2087,2118304.0,26.39,"Viral Vector, mRNA"
2021-02-09,13273,32,Atiq-ur Rehman,United States,2010-08-15,348,False,Twitter,False,1,Winter,3831,1733933.0,15.95,"Viral Vector, mRNA"
2021-02-17,10610,3,Luce,United Kingdom,2009-06-05,162,False,Twitter,False,0,Winter,4275,423322.0,24.92,"Viral Vector, mRNA"
2021-03-23,10915,39,Sheetal Kapoor the Great,India,2015-07-23,64,False,Twitter,False,0,Spring,2070,2253821.0,3.65,"Other, Viral Vector"
2021-03-12,9585,-1,Lec Medical,United Kingdom,2011-12-01,804,False,Twitter,False,-1,Spring,3389,332820.0,36.97,"Viral Vector, mRNA"
2021-03-25,10796,6,Johanna Osena Holmes,Canada,2009-09-10,198,False,Twitter,False,1,Spring,4214,146820.0,12.21,"Viral Vector, mRNA"
2021-03-12,9585,-1,Mrs Mooney,United Kingdom,2014-09-02,646,False,Twitter,False,1,Spring,2383,332820.0,36.97,"Viral Vector, mRNA"
2021-03-25,10796,6,"Pesky, The Cookie Goblin",United States,2014-12-18,6052,False,Twitter,False,1,Spring,2289,2762763.0,46.26,"Viral Vector, mRNA"
2021-03-19,10453,2,Philip Fine,United States,2011-07-29,491,False,Twitter,False,1,Spring,3521,2607664.0,41.44,"Viral Vector, mRNA"
2021-03-23,10915,39,ChrisA🥶🌨️❄️⛄,United States,2018-08-03,211,False,Twitter,False,0,Spring,963,2645066.0,44.03,"Viral Vector, mRNA"
2021-03-25,10796,6,KaamKaaji Musaafir,India,2011-08-03,91,False,Twitter,False,0,Spring,3522,2309232.0,3.98,"Other, Viral Vector"
2021-03-12,9585,-1,The Nature Boy Berry,United States,2010-11-05,9881,False,Twitter,False,-1,Spring,3780,2549364.0,35.94,"Viral Vector, mRNA"
2021-03-19,10453,2,"John ""On Line"" Rossi",United States,2014-06-24,41,False,Twitter,False,-1,Spring,2460,2607664.0,41.44,"Viral Vector, mRNA"
2021-03-19,10453,2,Pathik Shah,India,2009-06-25,441,False,Twitter,False,0,Spring,4285,1977848.0,3.02,"Other, Viral Vector"
2021-03-12,9585,-1,David Schein,United States,2011-06-28,65,False,Twitter,False,-1,Spring,3545,2549364.0,35.94,"Viral Vector, mRNA"
2021-03-19,10453,2,Sonali Paul,Australia,2011-11-15,696,True,Twitter,False,1,Spring,3412,13505.0,0.98,"Viral Vector, mRNA"
2021-03-24,10231,-6,Anekanth Bahubali,India,2010-01-12,159,False,Twitter,False,-1,Spring,4089,2286065.0,3.81,"Other, Viral Vector"
2021-03-19,10453,2,Njeri Ngugi,United States,2009-04-18,1247,False,TweetDeck,False,0,Spring,4353,2607664.0,41.44,"Viral Vector, mRNA"
2021-03-20,8725,-17,Richard Gerver,United Kingdom,2009-07-02,17297,True,Twitter,False,1,Spring,4279,582660.0,43.78,"Viral Vector, mRNA"
2021-03-21,6489,-26,Jat Updates,India,2021-01-01,195,False,Twitter,False,1,Spring,79,2165423.0,3.23,"Other, Viral Vector"
2021-03-23,10915,39,Planet Mermaid,United Kingdom,2014-11-25,1063,False,Twitter,False,1,Spring,2310,593384.0,45.72,"Viral Vector, mRNA"
2021-03-21,6489,-26,Katie Spensley 💙,United States,2013-05-14,400,False,Twitter,False,1,Spring,2868,2607801.0,42.4,"Viral Vector, mRNA"
2021-03-04,10095,-3,Ken Luke 🍥,India,2019-03-24,112,False,Twitter,False,0,Spring,711,705494.0,1.29,"Other, Viral Vector"
2021-03-12,9585,-1,Alexia,United Kingdom,2013-05-21,118,False,Twitter,False,1,Spring,2852,332820.0,36.97,"Viral Vector, mRNA"
2021-03-25,10796,6,Dr. Erin LaBrecque,United States,2018-06-23,412,False,Twitter,False,0,Spring,1006,2762763.0,46.26,"Viral Vector, mRNA"
2021-03-12,9585,-1,Panote Preechyanud,United States,2010-05-06,263,False,Twitter,False,0,Spring,3963,2549364.0,35.94,"Viral Vector, mRNA"
2021-03-22,7839,21,Sean Campbell,United States,2017-11-29,132,False,Twitter,False,0,Spring,1209,2619623.0,43.11,"Viral Vector, mRNA"
2021-03-19,10453,2,Jonathan Shipley,United States,2012-05-30,844,False,Twitter,False,1,Spring,3215,2607664.0,41.44,"Viral Vector, mRNA"
2021-03-19,10453,2,Dethany Dendrobia,United States,2011-02-23,287,False,Twitter,False,-1,Spring,3677,2607664.0,41.44,"Viral Vector, mRNA"
2021-03-18,10271,-1,Dra. Valeria Forlizzi,Argentina,2019-09-03,305,False,Twitter,False,-1,Spring,562,109544.0,6.85,"Inactivated, Other, Viral Vector, mRNA"
2021-03-22,7839,21,Ever Kevin,United Kingdom,2018-10-25,676,False,TweetDeck,False,0,Spring,879,598286.0,45.0,"Viral Vector, mRNA"
2021-03-12,9585,-1,MillyQueen❤,United States,2010-10-09,2208,False,Twitter,False,1,Spring,3807,2549364.0,35.94,"Viral Vector, mRNA"
2021-03-12,9585,-1,Sophie Bird 🕊,United States,2011-09-23,11411,False,Twitter,False,0,Spring,3458,2549364.0,35.94,"Viral Vector, mRNA"
2021-03-24,10231,-6,Wayne 🇨🇦🇬🇾🇻🇨,Canada,2014-02-22,102,False,Twitter,False,-1,Spring,2587,141967.0,11.7,"Viral Vector, mRNA"
2021-03-12,9585,-1,Hwupenyu Health & Wellbeing,United States,2020-05-21,162,False,TweetDeck,False,1,Spring,295,2549364.0,35.94,"Viral Vector, mRNA"
2021-03-24,10231,-6,Stefan Shagwell,United States,2016-04-01,236,False,Twitter,False,0,Spring,1818,2700705.0,45.1,"Viral Vector, mRNA"
2021-03-12,9585,-1,Jessica Ottney Mahar,United States,2012-11-15,1691,False,Twitter,False,0,Spring,3039,2549364.0,35.94,"Viral Vector, mRNA"
2021-03-12,9585,-1,Mrs Hedley,United States,2019-09-25,167,False,Twitter,False,0,Spring,534,2549364.0,35.94,"Viral Vector, mRNA"
2021-03-19,10453,2,AJURAWALO,United States,2021-01-07,66,False,Twitter,False,0,Spring,71,2607664.0,41.44,"Viral Vector, mRNA"
2021-03-18,10271,-1,FeverCheckerPRO,United States,2020-09-23,7,False,TweetDeck,False,-1,Spring,176,2620388.0,40.43,"Viral Vector, mRNA"
2021-03-19,10453,2,JAIDEEP TIWARI,India,2010-04-02,22,False,Twitter,False,0,Spring,4004,1977848.0,3.02,"Other, Viral Vector"
2021-03-25,10796,6,Team 46,United States,2014-07-28,61,False,Twitter,False,1,Spring,2432,2762763.0,46.26,"Viral Vector, mRNA"
2021-03-12,9585,-1,Richard Masucci #ReviewTechUSA,United States,2013-09-05,53273,False,Twitter,False,0,Spring,2745,2549364.0,35.94,"Viral Vector, mRNA"
2021-03-22,7839,21,Salacious History Podcast,United States,2018-03-22,108,False,Twitter,False,0,Spring,1096,2619623.0,43.11,"Viral Vector, mRNA"
2021-03-20,8725,-17,Dr Nicola Scott,United Kingdom,2019-07-03,175,False,Twitter,False,1,Spring,626,582660.0,43.78,"Viral Vector, mRNA"
2021-03-25,10796,6,Malawi24,United States,2013-10-14,18028,False,Twitter,False,1,Spring,2719,2762763.0,46.26,"Viral Vector, mRNA"
2021-03-22,7839,21,DR. catia🌿😷 the future is in progress...,United States,2016-05-17,771,False,Twitter,False,0,Spring,1770,2619623.0,43.11,"Viral Vector, mRNA"
2021-03-04,10095,-3,NVLorie is vaxed and masked💉 😷,United States,2020-07-15,284,False,Twitter,False,0,Spring,232,2369236.0,29.59,"Viral Vector, mRNA"
2021-03-19,10453,2,morganHazelwood,United States,2016-03-03,9223,False,Twitter,False,1,Spring,1842,2607664.0,41.44,"Viral Vector, mRNA"
2021-03-24,10231,-6,Shakeup Wakeup,Canada,2009-08-14,1288,False,Twitter,False,0,Spring,4240,141967.0,11.7,"Viral Vector, mRNA"
2021-03-25,10796,6,Audrey is building antibodies,United States,2009-12-14,3023,False,Twitter,False,0,Spring,4119,2762763.0,46.26,"Viral Vector, mRNA"
2021-03-12,9585,-1,Wally Bee (he/him),United States,2020-07-24,54,False,Twitter,False,-1,Spring,231,2549364.0,35.94,"Viral Vector, mRNA"
2021-03-24,10231,-6,°Joshed ☮️🌊💨 #FBR #Resist,United States,2007-12-30,3768,False,Twitter,False,1,Spring,4833,2700705.0,45.1,"Viral Vector, mRNA"
2021-03-20,8725,-17,Prakhar,India,2010-05-04,6,False,Twitter,False,1,Spring,3973,2123633.0,3.2,"Other, Viral Vector"
2021-03-12,9585,-1,Asha Bowen,Australia,2013-03-16,961,False,Twitter,False,1,Spring,2918,11765.0,0.62,"Viral Vector, mRNA"
2021-03-20,8725,-17,Aimee Winfield,United States,2016-01-12,283,False,Twitter,False,1,Spring,1894,2602666.0,42.09,"Viral Vector, mRNA"
2021-03-24,10231,-6,Sikh Elders Service,United States,2017-03-01,654,False,Twitter,False,1,Spring,1484,2700705.0,45.1,"Viral Vector, mRNA"
2021-03-20,8725,-17,Scene Magazine,United States,2009-03-31,4010,False,wordpress.com,False,1,Spring,4372,2602666.0,42.09,"Viral Vector, mRNA"
2021-03-23,10915,39,Chris W. Fitzpatrick,United States,2011-06-08,1236,False,Twitter,False,1,Spring,3576,2645066.0,44.03,"Viral Vector, mRNA"
2021-03-24,10231,-6,Hilary Brueck,United States,2009-11-30,2988,True,Twitter,False,1,Spring,4132,2700705.0,45.1,"Viral Vector, mRNA"
2021-03-12,9585,-1,Shaun Thein,United States,2015-10-17,90,False,Twitter,False,0,Spring,1973,2549364.0,35.94,"Viral Vector, mRNA"
2021-03-23,10915,39,WordsMatter (Stayin'🏠),United States,2020-02-29,1247,False,Twitter,False,1,Spring,388,2645066.0,44.03,"Viral Vector, mRNA"
2021-03-04,10095,-3,Lawrence General,United States,2015-11-13,1145,False,Sprout,False,1,Spring,1938,2369236.0,29.59,"Viral Vector, mRNA"
2021-03-25,10796,6,Susanna Lawson,United States,2015-11-24,2525,False,Twitter,False,1,Spring,1948,2762763.0,46.26,"Viral Vector, mRNA"
2021-03-24,10231,-6,kimber 🪐,United States,2011-09-28,880,False,Twitter,False,1,Spring,3465,2700705.0,45.1,"Viral Vector, mRNA"
2021-03-20,8725,-17,Suzy Q ⚛️,United States,2014-06-03,3150,False,Twitter,False,1,Spring,2482,2602666.0,42.09,"Viral Vector, mRNA"
2021-03-12,9585,-1,shubham kr.choudhary,India,2014-10-05,25,False,Twitter,False,0,Spring,2350,1245822.0,2.03,"Other, Viral Vector"
2021-03-19,10453,2,Dr. Penny Wieser,United States,2016-10-06,1097,False,Twitter,False,1,Spring,1625,2607664.0,41.44,"Viral Vector, mRNA"
2021-03-25,10796,6,Kimberly Brock,United States,2011-04-13,3882,False,Twitter,False,1,Spring,3634,2762763.0,46.26,"Viral Vector, mRNA"
2021-03-22,7839,21,Alyssa Paolicelli,United States,2009-04-14,2395,False,Twitter,False,0,Spring,4360,2619623.0,43.11,"Viral Vector, mRNA"
2021-03-23,10915,39,Amber Edlin,United Kingdom,2014-08-12,582,False,Twitter,False,1,Spring,2415,593384.0,45.72,"Viral Vector, mRNA"
2021-03-12,9585,-1,David Jones,United States,2012-07-27,568,False,Twitter,False,-1,Spring,3150,2549364.0,35.94,"Viral Vector, mRNA"
2021-03-19,10453,2,Scott Hammick,Canada,2011-03-07,18,False,Twitter,False,-1,Spring,3665,130091.0,9.94,"Viral Vector, mRNA"
2021-03-25,10796,6,Rick Mitchell,France,2017-01-24,330,False,Twitter,False,-1,Spring,1521,240301.0,15.0,"Viral Vector, mRNA"
2021-03-04,10095,-3,Jacqui Cannon FRSA,United Kingdom,2017-05-12,735,False,Twitter,False,1,Spring,1392,354184.0,32.83,"Viral Vector, mRNA"
2021-03-12,9585,-1,Jesse Mathias,United States,2012-02-05,185,False,Twitter,False,-1,Spring,3323,2549364.0,35.94,"Viral Vector, mRNA"
2021-03-18,10271,-1,Aaron Peterson💜😈,United States,2012-10-29,379,False,Twitter,False,1,Spring,3062,2620388.0,40.43,"Viral Vector, mRNA"
2021-03-11,9716,-3,MacGirlie,United States,2008-06-09,376,False,Twitter,False,0,Spring,4658,2521007.0,34.91,"Viral Vector, mRNA"
2021-03-23,10915,39,Dr. Astrid Scholz,United States,2009-04-20,4202,False,Twitter,False,1,Spring,4355,2645066.0,44.03,"Viral Vector, mRNA"
2021-03-12,9585,-1,Wanda Maximoff,United States,2009-04-24,653,False,Twitter,False,0,Spring,4340,2549364.0,35.94,"Viral Vector, mRNA"
2021-03-23,10915,39,Pablo Spencer,United States,2013-05-05,253,False,TweetDeck,False,0,Spring,2879,2645066.0,44.03,"Viral Vector, mRNA"
2021-03-04,10095,-3,Ricky Dilaurentis ™️,United States,2021-02-13,18,False,Twitter,False,0,Spring,19,2369236.0,29.59,"Viral Vector, mRNA"
2021-03-22,7839,21,btsmamabear ⁷ ⟭⟬ ⟬⟭ 💜 self-isolating since 200313,United States,2018-12-16,1660,False,Twitter,False,1,Spring,827,2619623.0,43.11,"Viral Vector, mRNA"
2021-03-20,8725,-17,BONJOUR,Colombia,2015-08-29,4794,False,Twitter,False,1,Spring,2030,57114.0,2.31,"Inactivated, Viral Vector, mRNA"
2021-03-20,8725,-17,Isabel Oliver,United States,2011-11-17,1666,False,Twitter,False,0,Spring,3411,2602666.0,42.09,"Viral Vector, mRNA"
2021-03-23,10915,39,Sunset Kenya,United States,2014-06-16,920,False,Twitter,False,1,Spring,2472,2645066.0,44.03,"Viral Vector, mRNA"
2021-03-25,10796,6,Dizzy,United States,2020-06-26,285,False,Twitter,False,-1,Spring,272,2762763.0,46.26,"Viral Vector, mRNA"
2021-03-04,10095,-3,नंदिता ठाकुर,India,2009-09-20,209418,False,Twitter,False,0,Spring,4183,705494.0,1.29,"Other, Viral Vector"
2021-03-19,10453,2,Jaume Castan,Denmark,2020-01-20,269,False,Twitter,False,1,Spring,424,15328.0,15.17,"Viral Vector, mRNA"
2021-03-12,9585,-1,SPANadvocacy,United States,2012-08-07,653,False,agorapulse manager,False,-1,Spring,3139,2549364.0,35.94,"Viral Vector, mRNA"
2021-03-24,10231,-6,Greta Wood,United Kingdom,2016-04-02,319,False,Twitter,False,1,Spring,1817,593163.0,46.57,"Viral Vector, mRNA"
2021-03-19,10453,2,Parth Trivedi,United States,2017-03-21,196,False,Twitter,False,0,Spring,1459,2607664.0,41.44,"Viral Vector, mRNA"
2021-03-19,10453,2,Catherine King,United States,2014-03-24,799,False,Twitter,False,1,Spring,2552,2607664.0,41.44,"Viral Vector, mRNA"
2021-03-12,9585,-1,Richard Simpson,United States,2011-06-08,831,False,Twitter,False,0,Spring,3565,2549364.0,35.94,"Viral Vector, mRNA"
2021-03-25,10796,6,mufasa 🦁,India,2020-09-09,1,False,Twitter,False,-1,Spring,197,2309232.0,3.98,"Other, Viral Vector"
2021-03-19,10453,2,Hilary,United States,2019-07-02,171,False,Twitter,False,-1,Spring,626,2607664.0,41.44,"Viral Vector, mRNA"
2021-03-04,10095,-3,Aeryn Lee,United States,2017-06-27,220,False,Twitter,False,1,Spring,1346,2369236.0,29.59,"Viral Vector, mRNA"
2021-03-21,6489,-26,WAKE UP,United States,2018-01-25,17,False,Twitter,False,1,Spring,1151,2607801.0,42.4,"Viral Vector, mRNA"
2021-03-24,10231,-6,Brenda E Cortez,United States,2015-02-16,481,False,Twitter,False,1,Spring,2228,2700705.0,45.1,"Viral Vector, mRNA"
2021-03-25,10796,6,colin thompson,United States,2011-10-22,9,False,Twitter,False,-1,Spring,3442,2762763.0,46.26,"Viral Vector, mRNA"
2021-03-11,9716,-3,Wellness×Truth=Power 🆘️,United States,2018-06-30,10618,False,Twitter,False,1,Spring,985,2521007.0,34.91,"Viral Vector, mRNA"
2021-03-24,10231,-6,Jono 🌈,United States,2009-02-20,1250,False,Twitter,False,1,Spring,4415,2700705.0,45.1,"Viral Vector, mRNA"
2021-03-19,10453,2,Anne Robson,United States,2009-04-19,347,False,Twitter,False,1,Spring,4352,2607664.0,41.44,"Viral Vector, mRNA"
2021-03-24,10231,-6,Master Kie 🔑,United States,2013-12-27,952,False,Twitter,False,0,Spring,2644,2700705.0,45.1,"Viral Vector, mRNA"
2021-03-25,10796,6,Bill Rippel,Canada,2013-02-01,1856,False,markethive oneall,False,-1,Spring,2974,146820.0,12.21,"Viral Vector, mRNA"
2021-03-22,7839,21,Stand 6ft Away Sparkle Shoes,United States,2014-07-12,401,False,Twitter,False,1,Spring,2445,2619623.0,43.11,"Viral Vector, mRNA"
2021-03-24,10231,-6,FutureCare,United States,2012-07-19,190,False,Sprout,False,0,Spring,3170,2700705.0,45.1,"Viral Vector, mRNA"
2021-03-23,10915,39,darrenmichaelxo,United States,2018-11-02,122,False,Twitter,False,1,Spring,872,2645066.0,44.03,"Viral Vector, mRNA"
2021-03-19,10453,2,essential for corporate profits #covid19,United States,2017-07-06,815,False,Twitter,False,0,Spring,1352,2607664.0,41.44,"Viral Vector, mRNA"
2021-03-24,10231,-6,Dr George 💙,United States,2019-11-20,42,False,Twitter,False,0,Spring,490,2700705.0,45.1,"Viral Vector, mRNA"
2021-03-19,10453,2,West Ham United Foundation,United Kingdom,2014-04-16,7531,True,Twitter,False,1,Spring,2529,542657.0,42.54,"Viral Vector, mRNA"
2021-03-18,10271,-1,Zoë Crockford,United States,2021-03-11,17,False,Twitter,False,1,Spring,7,2620388.0,40.43,"Viral Vector, mRNA"
2021-03-19,10453,2,Abi B. Schreier (she/her),United States,2009-02-18,348,False,Twitter,False,1,Spring,4412,2607664.0,41.44,"Viral Vector, mRNA"
2021-03-19,10453,2,ON3HUNDR3D GOLD,United States,2010-09-10,126,False,Twitter,False,-1,Spring,3843,2607664.0,41.44,"Viral Vector, mRNA"
2021-03-19,10453,2,AmeeSD2LBC⚡️,United States,2018-12-14,424,False,Twitter,False,1,Spring,826,2607664.0,41.44,"Viral Vector, mRNA"
2021-03-22,7839,21,AIBridge ML,India,2019-03-29,449,False,Twitter,False,1,Spring,724,2221023.0,3.48,"Other, Viral Vector"
2021-03-24,10231,-6,andrew,United States,2014-07-19,26,False,Twitter,False,0,Spring,2440,2700705.0,45.1,"Viral Vector, mRNA"
2021-03-12,9585,-1,Claire Cahill,United States,2012-08-01,1481,False,Twitter,False,0,Spring,3145,2549364.0,35.94,"Viral Vector, mRNA"
2021-03-22,7839,21,Ravi Kant 🌼,United States,2009-06-15,6122,False,Twitter,False,1,Spring,4298,2619623.0,43.11,"Viral Vector, mRNA"
2021-03-12,9585,-1,Fionnuala McAuliffe NMH & UCD,United States,2018-05-12,1990,False,Twitter,False,0,Spring,1035,2549364.0,35.94,"Viral Vector, mRNA"
2021-03-24,10231,-6,ASSIGNMENT AND ESSAY HELP,United States,2020-08-07,424,False,Twitter,False,0,Spring,229,2700705.0,45.1,"Viral Vector, mRNA"
2021-03-23,10915,39,CWRUTeamImpact,United States,2020-11-27,72,False,Twitter,False,-1,Spring,116,2645066.0,44.03,"Viral Vector, mRNA"
2021-03-18,10271,-1,Emma M Crossan 🦔🐕🦭,United States,2012-10-10,157,False,Twitter,False,0,Spring,3081,2620388.0,40.43,"Viral Vector, mRNA"
2021-03-25,10796,6,Cathie Stevenson,United States,2013-02-11,108,False,Twitter,False,1,Spring,2964,2762763.0,46.26,"Viral Vector, mRNA"
2021-03-12,9585,-1,Zandra Bill,United Kingdom,2014-03-05,167,False,Twitter,False,0,Spring,2564,332820.0,36.97,"Viral Vector, mRNA"
2021-03-04,10095,-3,Jack Luke,United States,2011-07-08,723,False,Twitter,False,0,Spring,3527,2369236.0,29.59,"Viral Vector, mRNA"
2021-03-19,10453,2,Alan McElligott,Hong Kong,2009-06-26,7857,False,Twitter,False,0,Spring,4284,20289.0,4.03,"Inactivated, mRNA"
2021-03-12,9585,-1,Terra Sol Invictus,United States,2011-02-20,667,False,Twitter,False,1,Spring,3673,2549364.0,35.94,"Viral Vector, mRNA"
2021-04-26,11700,9,Tanmay Guha Roy,India,2008-11-27,761,False,Twitter,False,0,Spring,4533,2199405.0,10.23,"Other, Viral Vector"
2021-04-21,14351,-2,Gospotainment,United States,2009-10-26,18448,False,Twitter,False,-1,Spring,4195,2868780.0,71.62,"Viral Vector, mRNA"
2021-04-11,9204,-20,Peter Grant,United Kingdom,2014-03-27,1557,False,Twitter,False,1,Spring,2572,404719.0,58.42,"Viral Vector, mRNA"
2021-04-27,15712,34,Surya S Tomar,India,2010-04-22,148,False,Twitter,False,1,Spring,4023,2355946.0,10.4,"Other, Viral Vector"
2021-04-27,15712,34,NHS STHK Recruitment,United States,2018-06-05,312,False,Twitter,False,1,Spring,1057,2670705.0,76.21,"Viral Vector, mRNA"
2021-04-26,11700,9,Anne Winchell,United States,2016-07-18,1069,False,Twitter,False,-1,Spring,1743,2718528.0,75.34,"Viral Vector, mRNA"
2021-04-22,13878,-3,Kristy Gellis,United States,2011-12-23,113,False,Twitter,False,1,Spring,3408,2832530.0,72.67,"Viral Vector, mRNA"
2021-04-12,9725,6,Ethan Klotz,United States,2017-02-09,44,False,Twitter,False,-1,Spring,1523,3494182.0,63.42,"Viral Vector, mRNA"
2021-04-07,13270,6,Abukar Arman,United States,2009-09-16,106401,True,Twitter,False,1,Spring,4221,3245326.0,58.56,"Viral Vector, mRNA"
2021-04-22,13878,-3,Margaret Dawson #HandsFaceSpace,United States,2020-07-24,397,False,Twitter,False,1,Spring,272,2832530.0,72.67,"Viral Vector, mRNA"
2021-04-27,15712,34,Bharat Agarwal,India,2020-02-13,309,False,Twitter,False,1,Spring,439,2355946.0,10.4,"Other, Viral Vector"
2021-04-27,15712,34,TechniAjz,India,2012-07-15,829,False,Twitter,False,0,Spring,3208,2355946.0,10.4,"Other, Viral Vector"
2021-04-26,11700,9,Emily Lopez,United States,2010-12-01,48,False,etsy,False,0,Spring,3799,2718528.0,75.34,"Viral Vector, mRNA"
2021-04-09,13622,-3,Oomph,United States,2014-11-25,11410,False,Twitter,False,1,Spring,2327,3332217.0,61.22,"Viral Vector, mRNA"
2021-04-26,11700,9,Gazguy,United States,2020-08-05,30,False,Twitter,False,0,Spring,264,2718528.0,75.34,"Viral Vector, mRNA"
2021-04-26,11700,9,Nilofar Naaz,United States,2009-05-11,53,False,Twitter,False,0,Spring,4368,2718528.0,75.34,"Viral Vector, mRNA"
2021-04-26,11700,9,Dr. Tara E. Sutton,United States,2019-02-26,3457,False,Twitter,False,0,Spring,790,2718528.0,75.34,"Viral Vector, mRNA"
2021-04-07,13270,6,TK,United States,2009-06-01,755,False,Twitter,False,1,Spring,4328,3245326.0,58.56,"Viral Vector, mRNA"
2021-04-12,9725,6,DrWAVeSport,United States,2013-08-04,3955,False,Twitter,False,-1,Spring,2808,3494182.0,63.42,"Viral Vector, mRNA"
2021-04-26,11700,9,Augmented Startups,United States,2016-01-17,1970,False,Buffer,False,1,Spring,1926,2718528.0,75.34,"Viral Vector, mRNA"
2021-04-26,11700,9,Ananth Rupanagudi,India,2009-06-30,9417,False,Twitter,False,1,Spring,4318,2199405.0,10.23,"Other, Viral Vector"
2021-04-21,14351,-2,Zade Scrivner,United States,2020-09-19,386,False,Twitter,False,0,Spring,214,2868780.0,71.62,"Viral Vector, mRNA"
2021-04-22,13878,-3,𝒩𝑜𝑒𝓁 𝑅𝑜𝓈𝑒,United States,2016-11-30,115,False,Twitter,False,1,Spring,1604,2832530.0,72.67,"Viral Vector, mRNA"
2021-04-08,14050,6,Kirti Pathak AAP,India,2010-03-08,2365,False,Twitter,False,0,Spring,4049,3649303.0,6.77,"Other, Viral Vector"
2021-04-27,15712,34,Phil Smy,Japan,2009-03-09,608,False,Twitter,False,-1,Spring,4432,193940.0,2.91,"Viral Vector, mRNA"
2021-04-27,15712,34,Lalasa,United Kingdom,2019-03-20,2100,False,Twitter,False,-1,Spring,769,517918.0,69.7,"Viral Vector, mRNA"
2021-04-12,9725,6,Tracey Jolliffe 🦇🦇🦇,United States,2017-11-26,1163,False,Twitter,False,1,Spring,1233,3494182.0,63.42,"Viral Vector, mRNA"
2021-04-09,13622,-3,ppppenguin 💙,United States,2010-06-11,148,False,Twitter,False,0,Spring,3955,3332217.0,61.22,"Viral Vector, mRNA"
2021-04-27,15712,34,Amarjeet Singh,India,2010-08-23,28,False,Twitter,False,1,Spring,3900,2355946.0,10.4,"Other, Viral Vector"
2021-04-22,13878,-3,Lizbeth Sanchez,United States,2021-04-09,9,False,Twitter,False,1,Spring,13,2832530.0,72.67,"Viral Vector, mRNA"
2021-04-27,15712,34,Ok then what's next?,United Kingdom,2016-03-23,2820,False,Twitter,False,1,Spring,1861,517918.0,69.7,"Viral Vector, mRNA"
2021-04-21,14351,-2,Geoff Herbert,United States,2009-02-26,4910,True,Twitter,False,1,Spring,4437,2868780.0,71.62,"Viral Vector, mRNA"
2021-04-12,9725,6,Loujul,United States,2011-05-28,27,False,Twitter,False,-1,Spring,3607,3494182.0,63.42,"Viral Vector, mRNA"
2021-04-12,9725,6,aman garg,India,2013-05-21,109,False,Twitter,False,-1,Spring,2883,3631737.0,7.79,"Other, Viral Vector"
2021-04-08,14050,6,Vineet ९ विनीत,United States,2010-02-12,27,False,Twitter,False,-1,Spring,4073,3237541.0,59.91,"Viral Vector, mRNA"
2021-04-27,15712,34,Dale H-Carr ♂☆彡,United Kingdom,2012-04-10,495,False,Twitter,False,1,Spring,3304,517918.0,69.7,"Viral Vector, mRNA"
2021-04-08,14050,6,Priyangshu Das,India,2020-08-23,41,False,Twitter,False,1,Spring,228,3649303.0,6.77,"Other, Viral Vector"
2021-04-22,13878,-3,Nigel H,United Kingdom,2011-03-21,2740,False,Twitter,False,-1,Spring,3685,500934.0,65.99,"Viral Vector, mRNA"
2021-04-07,13270,6,Frankie B Washington,United States,2014-07-28,1342,False,Twitter,False,1,Spring,2445,3245326.0,58.56,"Viral Vector, mRNA"
2021-04-07,13270,6,CecilRyu MartialArts,United States,2012-10-24,141,False,Twitter,False,0,Spring,3087,3245326.0,58.56,"Viral Vector, mRNA"
2021-04-26,11700,9,Desiree,United States,2008-11-19,14570,False,Twitter,False,1,Spring,4541,2718528.0,75.34,"Viral Vector, mRNA"
2021-04-07,13270,6,UCHC Bronx,United States,2015-04-13,783,False,Twitter,False,-1,Spring,2186,3245326.0,58.56,"Viral Vector, mRNA"
2021-04-21,14351,-2,EPUT,United States,2017-03-20,2863,True,Twitter,False,-1,Spring,1493,2868780.0,71.62,"Viral Vector, mRNA"
2021-04-09,13622,-3,Raj Darji,United States,2017-04-08,15,False,Twitter,False,1,Spring,1462,3332217.0,61.22,"Viral Vector, mRNA"
2021-04-26,11700,9,Dilip Kumar Tirkey,India,2012-05-01,4343,True,Twitter,False,1,Spring,3282,2199405.0,10.23,"Other, Viral Vector"
2021-04-11,9204,-20,Randi Chance,United States,2014-07-29,319,False,Twitter,False,1,Spring,2448,3506960.0,62.51,"Viral Vector, mRNA"
2021-04-07,13270,6,Naishadh Vyas,India,2009-08-18,1471,False,LinkedIn,False,1,Spring,4250,3582968.0,6.47,"Other, Viral Vector"
2021-04-07,13270,6,W. Andre Reynolds,United States,2011-03-26,71,False,Twitter,False,1,Spring,3665,3245326.0,58.56,"Viral Vector, mRNA"
2021-04-07,13270,6,247 Nigeria,United States,2010-09-01,13087,False,Twitter,False,0,Spring,3871,3245326.0,58.56,"Viral Vector, mRNA"
2021-04-08,14050,6,angel,United States,2010-04-16,196,False,Twitter,False,1,Spring,4010,3237541.0,59.91,"Viral Vector, mRNA"
2021-04-09,13622,-3,Tracey OG,United States,2015-11-19,242,False,Twitter,False,1,Spring,1968,3332217.0,61.22,"Viral Vector, mRNA"
2021-04-27,15712,34,Sardar Patel University,United States,2020-09-10,727,False,Twitter,False,1,Spring,229,2670705.0,76.21,"Viral Vector, mRNA"
2021-04-26,11700,9,ℝ𝕒𝕧𝕚,India,2008-09-01,1119,False,Twitter,False,1,Spring,4620,2199405.0,10.23,"Other, Viral Vector"
2021-04-07,13270,6,Passmore Coast To Coast,United States,2020-12-27,385,False,Twitter,False,0,Spring,101,3245326.0,58.56,"Viral Vector, mRNA"
2021-04-26,11700,9,dan switzer,Canada,2009-07-04,555,False,Twitter,False,1,Spring,4314,296430.0,32.62,"Viral Vector, mRNA"
2021-04-27,15712,34,enthusiast ⛹🏾‍♂️,Georgia,2009-04-03,1640,False,Twitter,False,1,Spring,4407,1297.0,1.01,"Inactivated, Viral Vector, mRNA"
2021-04-26,11700,9,Danielle Driver,United States,2019-01-04,8,False,Twitter,False,1,Spring,843,2718528.0,75.34,"Viral Vector, mRNA"
2021-04-11,9204,-20,Aruneel Sadadekar,India,2013-03-02,686,False,Twitter,False,0,Spring,2962,3631915.0,7.5,"Other, Viral Vector"
2021-04-27,15712,34,Pete Moss,United Kingdom,2008-06-15,1576,False,Twitter,False,1,Spring,4699,517918.0,69.7,"Viral Vector, mRNA"
2021-04-26,11700,9,SpiritualHeals.com spiritualheals@gmail.com,India,2011-04-23,1438,False,Twitter,False,-1,Spring,3656,2199405.0,10.23,"Other, Viral Vector"
2021-04-08,14050,6,Ede King 🇦🇺 🐨 🦘,Australia,2019-01-05,24,False,Twitter,False,1,Spring,824,36271.0,4.18,"Viral Vector, mRNA"
2021-04-07,13270,6,Patricia Gentile,United States,2018-06-02,205,False,Twitter,False,1,Spring,1040,3245326.0,58.56,"Viral Vector, mRNA"
2021-04-08,14050,6,Fiona Ward (Nicholson),United Kingdom,2013-02-25,86,False,Twitter,False,1,Spring,2964,309629.0,56.36,"Viral Vector, mRNA"
2021-04-27,15712,34,Good Sam Colorado,United States,2012-06-07,543,False,Twitter,False,1,Spring,3246,2670705.0,76.21,"Viral Vector, mRNA"
2021-04-11,9204,-20,Brad 🇦🇺🇺🇸🇹🇼🇯🇵🇭🇰,Australia,2011-08-01,3252,False,Twitter,False,0,Spring,3541,47713.0,4.57,"Viral Vector, mRNA"
2021-04-12,9725,6,The Tax Expert,United States,2010-05-06,1863,False,Twitter,False,-1,Spring,3994,3494182.0,63.42,"Viral Vector, mRNA"
2021-04-10,11473,-16,❝Denise Stokes❞🖊,United States,2009-06-15,3359,False,Twitter,False,-1,Spring,4317,3416041.0,62.09,"Viral Vector, mRNA"
2021-04-09,13622,-3,Bruno,United States,2019-11-03,26,False,Twitter,False,1,Spring,523,3332217.0,61.22,"Viral Vector, mRNA"
2021-04-07,13270,6,MC,United States,2009-01-19,352,False,Twitter,False,-1,Spring,4461,3245326.0,58.56,"Viral Vector, mRNA"
2021-04-08,14050,6,ExactCare,United States,2014-05-23,262,False,hootsuite inc.,False,1,Spring,2512,3237541.0,59.91,"Viral Vector, mRNA"
2021-04-09,13622,-3,FirstLight Home Care,United States,2010-01-22,1911,False,Twitter,False,0,Spring,4095,3332217.0,61.22,"Viral Vector, mRNA"
2021-04-10,11473,-16,Facing Fear 💪🏻✨,United Kingdom,2018-05-10,2020,False,Twitter,False,-1,Spring,1066,381415.0,58.04,"Viral Vector, mRNA"
2021-04-09,13622,-3,the_sunflower_ 🌻,United States,2009-07-03,309,False,Twitter,False,0,Spring,4298,3332217.0,61.22,"Viral Vector, mRNA"
2021-04-07,13270,6,Susie Mackie,Canada,2011-08-30,978,False,Twitter,False,1,Spring,3508,188346.0,18.63,"Viral Vector, mRNA"
2021-04-09,13622,-3,Tephra Miriam,United States,2014-12-22,1327,False,Twitter,False,1,Spring,2300,3332217.0,61.22,"Viral Vector, mRNA"
2021-04-26,11700,9,"Stavros Niarchos Foundation Library, NYPL",United States,2010-07-15,5147,False,hootsuite inc.,False,1,Spring,3938,2718528.0,75.34,"Viral Vector, mRNA"
2021-04-10,11473,-16,Real Geek Dad,United States,2009-03-10,1680,False,Twitter,False,0,Spring,4414,3416041.0,62.09,"Viral Vector, mRNA"
2021-04-22,13878,-3,Lozen Rose,United States,2016-06-29,175,False,Twitter,False,-1,Spring,1758,2832530.0,72.67,"Viral Vector, mRNA"
2021-04-07,13270,6,Amy Wieckowski,United States,2009-06-19,1683,False,Twitter,False,1,Spring,4310,3245326.0,58.56,"Viral Vector, mRNA"
2021-04-27,15712,34,Siddharth Singh,India,2016-11-06,36,False,Twitter,False,1,Spring,1633,2355946.0,10.4,"Other, Viral Vector"
2021-04-12,9725,6,Jay Mehta 🇮🇳🇨🇦,Canada,2009-04-06,322,False,Twitter,False,-1,Spring,4389,252475.0,22.12,"Viral Vector, mRNA"
2021-04-09,13622,-3,Evan Gross. Yes. Really.,United States,2010-01-16,207,False,Twitter,False,0,Spring,4101,3332217.0,61.22,"Viral Vector, mRNA"
2021-04-10,11473,-16,Debi ⭕️,United States,2017-04-16,88,False,Twitter,False,1,Spring,1455,3416041.0,62.09,"Viral Vector, mRNA"
2021-04-26,11700,9,Rena,United States,2011-07-19,6848,False,Twitter,False,1,Spring,3569,2718528.0,75.34,"Viral Vector, mRNA"
2021-04-26,11700,9,Bipartite News,India,2017-12-12,801,False,Twitter,False,-1,Spring,1231,2199405.0,10.23,"Other, Viral Vector"
2021-04-26,11700,9,あんだる,United States,2020-12-22,20,False,Twitter,False,0,Spring,125,2718528.0,75.34,"Viral Vector, mRNA"
2021-04-08,14050,6,Abhishek🇮🇳,India,2014-01-12,76,False,Twitter,False,0,Spring,2643,3649303.0,6.77,"Other, Viral Vector"
2021-04-27,15712,34,Palitja Moore,Australia,2012-07-25,425,False,Twitter,False,1,Spring,3198,44491.0,7.87,"Viral Vector, mRNA"
2021-04-10,11473,-16,Trish,United States,2008-10-16,104,False,Twitter,False,0,Spring,4559,3416041.0,62.09,"Viral Vector, mRNA"
2021-04-21,14351,-2,Scott Kinnersley,United States,2015-04-07,767,False,Twitter,False,-1,Spring,2206,2868780.0,71.62,"Viral Vector, mRNA"
2021-04-26,11700,9,Emma Yottie,United States,2011-10-11,467,False,Twitter,False,-1,Spring,3485,2718528.0,75.34,"Viral Vector, mRNA"
2021-04-12,9725,6,Charleigh,Canada,2018-05-20,69,False,Twitter,False,1,Spring,1058,252475.0,22.12,"Viral Vector, mRNA"
2021-04-09,13622,-3,cj11_cm,United States,2018-07-19,8,False,Twitter,False,0,Spring,995,3332217.0,61.22,"Viral Vector, mRNA"
2021-04-09,13622,-3,sarah 🤍,United States,2016-02-20,1048,False,Twitter,False,1,Spring,1875,3332217.0,61.22,"Viral Vector, mRNA"
2021-04-22,13878,-3,Borana Greku,United States,2010-09-08,153,False,Twitter,False,0,Spring,3879,2832530.0,72.67,"Viral Vector, mRNA"
2021-04-26,11700,9,Martin Smith,United Kingdom,2008-01-23,1146,False,Twitter,False,0,Spring,4842,512497.0,68.97,"Viral Vector, mRNA"
2021-04-21,14351,-2,MK the Ancient Lamentation 🏛😫,United States,2009-04-26,263,False,Twitter,False,-1,Spring,4378,2868780.0,71.62,"Viral Vector, mRNA"
2021-04-09,13622,-3,g e o r g e,United States,2007-05-29,311,False,Twitter,False,0,Spring,5064,3332217.0,61.22,"Viral Vector, mRNA"
2021-04-11,9204,-20,Rebecca Barrett,United States,2017-07-03,2031,False,Twitter,False,-1,Spring,1378,3506960.0,62.51,"Viral Vector, mRNA"
2021-04-10,11473,-16,TShyRN *Please Wash Your Hands* 🏳️‍🌈🇺🇸,United States,2018-08-18,50,False,Twitter,False,1,Spring,966,3416041.0,62.09,"Viral Vector, mRNA"
2021-04-26,11700,9,Reality Hits🇨🇦 alone time=my sanity,Canada,2013-06-24,477,False,Twitter,False,1,Spring,2863,296430.0,32.62,"Viral Vector, mRNA"
2021-04-22,13878,-3,Aanchal Manchanda,India,2009-06-03,824,False,Twitter,False,0,Spring,4341,2218728.0,9.53,"Other, Viral Vector"
2021-04-09,13622,-3,marco pierani,United States,2008-01-01,2267,False,Twitter,False,0,Spring,4847,3332217.0,61.22,"Viral Vector, mRNA"
2021-04-21,14351,-2,William Hartz,United States,2007-01-24,726,False,Twitter,False,1,Spring,5201,2868780.0,71.62,"Viral Vector, mRNA"
2021-04-07,13270,6,Kelsey Davis,United States,2014-08-01,5595,True,Twitter,False,1,Spring,2441,3245326.0,58.56,"Viral Vector, mRNA"
2021-04-27,15712,34,John Woodle,United States,2021-03-22,0,False,Twitter,False,-1,Spring,36,2670705.0,76.21,"Viral Vector, mRNA"
2021-04-12,9725,6,Ben Richards,United States,2018-11-05,341,False,Twitter,False,1,Spring,889,3494182.0,63.42,"Viral Vector, mRNA"
2021-04-27,15712,34,Saihemalatha V,India,2019-08-09,56,False,Twitter,False,1,Spring,627,2355946.0,10.4,"Other, Viral Vector"
2021-04-09,13622,-3,Veronica HarrellWSB🎙,United States,2009-02-11,873,False,Twitter,False,0,Spring,4440,3332217.0,61.22,"Viral Vector, mRNA"
2021-04-07,13270,6,Jocelyn🌷,United States,2009-08-27,103,False,Twitter,False,1,Spring,4241,3245326.0,58.56,"Viral Vector, mRNA"
2021-04-12,9725,6,Healthpole,India,2015-12-09,73,False,Twitter,False,1,Spring,1951,3631737.0,7.79,"Other, Viral Vector"
2021-04-08,14050,6,Rhea Liang,United States,2018-10-18,8744,True,Twitter,False,1,Spring,903,3237541.0,59.91,"Viral Vector, mRNA"
2021-04-07,13270,6,Ahmed Yearwood,United States,2009-07-09,994,False,Twitter,False,1,Spring,4290,3245326.0,58.56,"Viral Vector, mRNA"
2021-04-27,15712,34,KKBlack,United States,2020-12-06,364,False,Twitter,False,1,Spring,142,2670705.0,76.21,"Viral Vector, mRNA"
2021-04-27,15712,34,H e d g e h o g,United States,2012-10-12,68,False,Twitter,False,0,Spring,3119,2670705.0,76.21,"Viral Vector, mRNA"
2021-04-26,11700,9,Neil Fox,United States,2013-03-31,2287,False,Twitter,False,-1,Spring,2948,2718528.0,75.34,"Viral Vector, mRNA"
2021-04-26,11700,9,Surendra Nath Joshi,India,2015-06-12,21,False,Twitter,False,1,Spring,2145,2199405.0,10.23,"Other, Viral Vector"
2021-04-07,13270,6,🗝TheMagician🔑,United States,2017-06-30,130,False,Twitter,False,-1,Spring,1377,3245326.0,58.56,"Viral Vector, mRNA"
2021-04-21,14351,-2,Erika Selzer,United States,2011-04-28,214,False,Twitter,False,0,Spring,3646,2868780.0,71.62,"Viral Vector, mRNA"
2021-04-08,14050,6,Mimi Lovegood,United States,2017-08-13,55,False,Twitter,False,1,Spring,1334,3237541.0,59.91,"Viral Vector, mRNA"
2021-04-08,14050,6,Li' Shey Johnson,United States,2010-12-03,340,False,Twitter,False,-1,Spring,3779,3237541.0,59.91,"Viral Vector, mRNA"
2021-04-08,14050,6,Nandhan S,India,2015-08-30,83,False,Twitter,False,1,Spring,2048,3649303.0,6.77,"Other, Viral Vector"
2021-04-07,13270,6,❤️️ 𝐓𝐢𝐥𝐨𝐭𝐭𝐚𝐦𝐚 ❤️️,India,2020-09-07,576,False,Twitter,False,0,Spring,212,3582968.0,6.47,"Other, Viral Vector"
2021-04-08,14050,6,Kim (Zaiman) Talise 🌊🌊🌊🌊🌊🌊,United States,2011-10-14,881,False,Twitter,False,1,Spring,3464,3237541.0,59.91,"Viral Vector, mRNA"
2021-04-27,15712,34,Nishit Joshi 🇮🇳,India,2009-02-11,683,False,Twitter,False,1,Spring,4458,2355946.0,10.4,"Other, Viral Vector"
2021-05-25,12973,32,"City of Fairfax, VA",United States,2010-12-17,9949,True,Twitter,False,1,Spring,3812,1572765.0,92.46,"Viral Vector, mRNA"
2021-05-26,12853,-1,Redditch Council,United Kingdom,2010-03-19,5769,False,hootsuite inc.,False,1,Spring,4086,595544.0,91.87,"Viral Vector, mRNA"
2021-05-27,12118,-6,Clair Cunningham,United States,2009-05-17,5,False,Twitter,False,0,Spring,4393,1383700.0,93.29,"Viral Vector, mRNA"
2021-05-28,12187,1,Prateek Banik,India,2020-01-17,50,False,Twitter,False,-1,Spring,497,1971730.0,14.58,"Other, Viral Vector"
2021-05-24,9796,-10,kerrie o📚😷#defendtheConstitution,United States,2012-01-22,2460,False,Twitter,False,-1,Spring,3410,1663282.0,92.03,"Viral Vector, mRNA"
2021-05-28,12187,1,Flowland,United States,2020-02-26,509,False,Twitter,False,1,Spring,457,1279763.0,93.69,"Viral Vector, mRNA"
2021-05-25,12973,32,Ximena Iglesias,Australia,2010-02-10,67,False,Twitter,False,0,Spring,4122,73775.0,14.72,"Viral Vector, mRNA"
2021-05-29,11216,-8,West Ham Hour,United Kingdom,2012-06-12,282,False,Twitter,False,1,Spring,3273,572132.0,94.7,"Viral Vector, mRNA"
2021-05-25,12973,32,PUNter,India,2013-04-17,70,False,Twitter,False,0,Spring,2960,1473597.0,14.03,"Other, Viral Vector"
2021-05-26,12853,-1,Andy Boardman G7ROM,United Kingdom,2009-09-07,367,False,Twitter,False,1,Spring,4279,595544.0,91.87,"Viral Vector, mRNA"
2021-05-27,12118,-6,dawn hardman,United Kingdom,2012-07-22,1156,False,Twitter,False,1,Spring,3231,595836.0,92.88,"Viral Vector, mRNA"
2021-05-26,12853,-1,FREEDOM MEDIA,India,2018-08-15,11136,False,Twitter,False,0,Spring,1015,1716431.0,14.24,"Other, Viral Vector"
2021-05-26,12853,-1,Troy Turton,United States,2009-03-24,317,False,Twitter,False,0,Spring,4446,1479626.0,92.89,"Viral Vector, mRNA"
2021-05-24,9796,-10,Senator Jeremy Cooney,United States,2021-01-05,787,False,Twitter,False,1,Spring,139,1663282.0,92.03,"Viral Vector, mRNA"
2021-05-25,12973,32,Lalit Saraswat,India,2009-06-21,1258,False,Twitter,False,1,Spring,4356,1473597.0,14.03,"Other, Viral Vector"
2021-05-27,12118,-6,Mansoor Qaisar 🇵🇰,United States,2010-06-29,3644,False,Twitter,False,-1,Spring,3985,1383700.0,93.29,"Viral Vector, mRNA"
2021-05-29,11216,-8,Dimpy Babita Kashap,United States,2017-09-11,1541,False,Twitter,False,1,Spring,1356,1182185.0,93.92,"Viral Vector, mRNA"
2021-05-28,12187,1,"Anas Sohail, M.D.",Canada,2014-07-31,69,False,Twitter,False,-1,Spring,2493,356187.0,60.38,"Viral Vector, mRNA"
2021-05-27,12118,-6,S.Seth,India,2011-11-12,30,False,Twitter,False,1,Spring,3484,1902326.0,14.44,"Other, Viral Vector"
2021-05-25,12973,32,Eric Wroot,United States,2010-02-01,262,False,Twitter,False,-1,Spring,4131,1572765.0,92.46,"Viral Vector, mRNA"
2021-05-29,11216,-8,"Eric M. Horwitz, MD",United States,2015-01-18,147,False,Twitter,False,1,Spring,2323,1182185.0,93.92,"Viral Vector, mRNA"
2021-05-25,12973,32,Paul Davis,United States,2013-10-22,53,False,Twitter,False,0,Spring,2772,1572765.0,92.46,"Viral Vector, mRNA"
2021-05-25,12973,32,मायनेशन फाउंडेशन 🇮🇳,United States,2018-03-11,235,False,Twitter,False,0,Spring,1171,1572765.0,92.46,"Viral Vector, mRNA"
2021-05-29,11216,-8,Deirdre Hickey,United States,2012-10-18,53,False,Twitter,False,1,Spring,3145,1182185.0,93.92,"Viral Vector, mRNA"
2021-05-24,9796,-10,Craig Johnston,United States,2009-07-07,203,False,Twitter,False,0,Spring,4339,1663282.0,92.03,"Viral Vector, mRNA"
2021-05-26,12853,-1,Claude Forthomme,Italy,2011-02-23,5054,False,Buffer,False,0,Spring,3745,504999.0,54.39,"Other, Viral Vector, mRNA"
2021-05-24,9796,-10,Eireann,United States,2011-06-14,3326,False,Twitter,False,0,Spring,3632,1663282.0,92.03,"Viral Vector, mRNA"
2021-05-25,12973,32,Elly Greaney,United States,2020-05-13,170,False,Twitter,False,1,Spring,377,1572765.0,92.46,"Viral Vector, mRNA"
2021-05-26,12853,-1,Paula Scia *fully vaxxed*✨,United States,2016-12-15,2125,False,Twitter,False,0,Spring,1623,1479626.0,92.89,"Viral Vector, mRNA"
2021-05-28,12187,1,Ravi [R],India,2009-10-20,481,False,Twitter,False,-1,Spring,4238,1971730.0,14.58,"Other, Viral Vector"
2021-05-24,9796,-10,ItsTheCostanza™️,United States,2016-12-08,354,False,Twitter,False,-1,Spring,1628,1663282.0,92.03,"Viral Vector, mRNA"
2021-05-24,9796,-10,Laura Foster,United Kingdom,2010-06-11,5485,False,Twitter,False,0,Spring,4000,580439.0,90.05,"Viral Vector, mRNA"
2021-05-25,12973,32,Disabled Not Disposable♿️⚧✊🏿✊🏾✊🏻🏳️‍🌈🧑🏻‍🌾,United States,2014-09-24,1642,False,Twitter,False,1,Spring,2435,1572765.0,92.46,"Viral Vector, mRNA"
2021-05-24,9796,-10,Dr Nupur Gupta (Well Woman Clinic),India,2013-06-05,1945,False,Twitter,False,0,Spring,2910,1478358.0,13.93,"Other, Viral Vector"
2021-05-25,12973,32,SOAS China Institute,United Kingdom,2014-01-07,16688,False,Twitter,False,1,Spring,2695,591301.0,90.89,"Viral Vector, mRNA"
2021-05-27,12118,-6,The Jinni,Canada,2021-01-20,9,False,Twitter,False,1,Spring,127,359899.0,59.18,"Viral Vector, mRNA"
2021-05-26,12853,-1,🇮🇳Wake up INDIA🇮🇳,India,2010-01-04,52,False,Twitter,False,1,Spring,4160,1716431.0,14.24,"Other, Viral Vector"
2021-05-28,12187,1,bob beddow,Canada,2012-08-09,170,False,Twitter,False,0,Spring,3214,356187.0,60.38,"Viral Vector, mRNA"
2021-05-28,12187,1,Shubham Pandey,India,2014-01-06,51,False,Twitter,False,-1,Spring,2699,1971730.0,14.58,"Other, Viral Vector"
2021-05-27,12118,-6,Onkar Pandey,India,2008-12-05,678,False,Twitter,False,1,Spring,4556,1902326.0,14.44,"Other, Viral Vector"
2021-05-26,12853,-1,The Rotund Dungeon Master #BLM,United States,2018-06-04,2688,False,Twitter,False,1,Spring,1087,1479626.0,92.89,"Viral Vector, mRNA"
2021-05-29,11216,-8,Kldprawal,India,2019-02-03,38,False,Twitter,False,0,Spring,846,2320922.0,14.86,"Other, Viral Vector"
2021-05-26,12853,-1,Shubhanshu Singh,India,2014-07-26,20,False,Twitter,False,1,Spring,2496,1716431.0,14.24,"Other, Viral Vector"
2021-05-26,12853,-1,Natalie Donovan,Canada,2010-03-10,215,False,Twitter,False,0,Spring,4095,360930.0,58.14,"Viral Vector, mRNA"
2021-05-29,11216,-8,Dale Fallows,United States,2008-07-22,591,False,Twitter,False,0,Spring,4694,1182185.0,93.92,"Viral Vector, mRNA"
2021-05-25,12973,32,Ramon Bautista,United States,2021-01-27,7,False,Twitter,False,-1,Spring,118,1572765.0,92.46,"Viral Vector, mRNA"
2021-05-29,11216,-8,Dr Priyanka Rajendrakumar,India,2020-02-29,66,False,Twitter,False,1,Spring,455,2320922.0,14.86,"Other, Viral Vector"
2021-05-29,11216,-8,MM | Chatty Chatot,United Kingdom,2017-01-13,154,False,Twitter,False,1,Spring,1597,572132.0,94.7,"Viral Vector, mRNA"
2021-05-27,12118,-6,European Movement Ireland,United States,2009-02-25,11942,True,Twitter,False,-1,Spring,4474,1383700.0,93.29,"Viral Vector, mRNA"
2021-05-26,12853,-1,Only Heroines,India,2014-12-25,44230,False,Twitter,False,0,Spring,2344,1716431.0,14.24,"Other, Viral Vector"
2021-05-29,11216,-8,Tehran Times,United States,2016-09-24,4638,False,Twitter,False,0,Spring,1708,1182185.0,93.92,"Viral Vector, mRNA"
2021-05-26,12853,-1,Glenda Kwek,India,2008-08-04,3503,False,Twitter,False,1,Spring,4678,1716431.0,14.24,"Other, Viral Vector"
2021-05-25,12973,32,OfficialGengTingTongMF,United States,2019-02-24,443,False,Twitter,False,0,Spring,821,1572765.0,92.46,"Viral Vector, mRNA"
2021-05-25,12973,32,Leah Fullegar,United States,2018-11-02,137,False,Twitter,False,1,Spring,935,1572765.0,92.46,"Viral Vector, mRNA"
2021-05-28,12187,1,Sheikh Zahirul Aslam,India,2017-11-14,856,False,Twitter,False,-1,Spring,1291,1971730.0,14.58,"Other, Viral Vector"
2021-05-27,12118,-6,"Thejes Sekhar , IFS",India,2018-05-05,1597,False,Twitter,False,-1,Spring,1118,1902326.0,14.44,"Other, Viral Vector"
2021-05-27,12118,-6,DanieTown_art,United States,2018-02-12,29,False,Instagram,False,0,Spring,1200,1383700.0,93.29,"Viral Vector, mRNA"
2021-05-26,12853,-1,Graham Smith,United States,2014-03-11,108,False,TweetDeck,False,1,Spring,2633,1479626.0,92.89,"Viral Vector, mRNA"
2021-05-27,12118,-6,Chris Mannolini,United States,2012-12-12,189,False,Twitter,False,1,Spring,3088,1383700.0,93.29,"Viral Vector, mRNA"
2021-05-28,12187,1,Shekhar Yadav,India,2017-06-29,556,False,Twitter,False,1,Spring,1429,1971730.0,14.58,"Other, Viral Vector"
2021-05-27,12118,-6,Stacey Comery💙,United States,2009-10-22,331,False,Twitter,False,1,Spring,4235,1383700.0,93.29,"Viral Vector, mRNA"
2021-05-25,12973,32,Isha Maniyar,India,2015-05-12,247,False,Twitter,False,1,Spring,2205,1473597.0,14.03,"Other, Viral Vector"
2021-05-26,12853,-1,CharlotteKathleen💫,United States,2011-04-18,309,False,Twitter,False,0,Spring,3691,1479626.0,92.89,"Viral Vector, mRNA"
2021-05-25,12973,32,Indian Citizen,India,2021-02-19,2,False,Twitter,False,0,Spring,95,1473597.0,14.03,"Other, Viral Vector"
2021-05-28,12187,1,alessandro fino,United States,2010-10-30,375,False,Twitter,False,1,Spring,3863,1279763.0,93.69,"Viral Vector, mRNA"
2021-05-27,12118,-6,Izzak 🚀🐶🌕🌈,United States,2021-03-21,214,False,Twitter,False,1,Spring,67,1383700.0,93.29,"Viral Vector, mRNA"
2021-05-25,12973,32,HY 진혜리,Singapore,2009-10-16,1213,False,Twitter,False,1,Spring,4239,46601.0,68.16,"Inactivated, mRNA"
2021-05-28,12187,1,Russell Jones,United States,2012-03-26,1178,False,Twitter,False,1,Spring,3350,1279763.0,93.69,"Viral Vector, mRNA"
2021-05-27,12118,-6,Amrita singh,India,2020-09-01,143,False,Twitter,False,0,Spring,268,1902326.0,14.44,"Other, Viral Vector"
2021-05-28,12187,1,Maria Montgomery,United States,2015-10-15,2472,False,Twitter,False,1,Spring,2052,1279763.0,93.69,"Viral Vector, mRNA"
2021-05-28,12187,1,VishalRoshan,India,2019-05-26,15,False,Twitter,False,1,Spring,733,1971730.0,14.58,"Other, Viral Vector"
2021-05-29,11216,-8,Dr Babu K V,United States,2010-11-22,444,False,Twitter,False,0,Spring,3841,1182185.0,93.92,"Viral Vector, mRNA"
2021-05-26,12853,-1,Ben Swift,United Kingdom,2012-12-12,350,False,Twitter,False,1,Spring,3087,595544.0,91.87,"Viral Vector, mRNA"
2021-05-24,9796,-10,Madan,India,2009-02-17,1463,False,Twitter,False,0,Spring,4479,1478358.0,13.93,"Other, Viral Vector"
2021-05-29,11216,-8,Meghraj Wali,India,2009-09-29,12,False,Twitter,False,1,Spring,4260,2320922.0,14.86,"Other, Viral Vector"
2021-05-28,12187,1,B/Eve 🏳️‍🌈 🖤,United States,2009-11-09,316,False,Twitter,False,-1,Spring,4218,1279763.0,93.69,"Viral Vector, mRNA"
2021-05-26,12853,-1,Pinar Akkaya,United States,2009-07-30,824,False,Twitter,False,1,Spring,4318,1479626.0,92.89,"Viral Vector, mRNA"
2021-05-25,12973,32,Vishwajeet Patil,India,2018-02-13,88,False,Twitter,False,0,Spring,1197,1473597.0,14.03,"Other, Viral Vector"
2021-05-26,12853,-1,Fort Frances Times,France,2010-03-04,1106,False,Buffer,False,0,Spring,4101,490198.0,51.77,"Viral Vector, mRNA"
2021-05-28,12187,1,Arvin Juoy Diaz,United States,2013-10-13,516,False,Twitter,False,1,Spring,2784,1279763.0,93.69,"Viral Vector, mRNA"
2021-05-25,12973,32,dark angel,United Kingdom,2010-12-01,19,False,Twitter,False,0,Spring,3828,591301.0,90.89,"Viral Vector, mRNA"
2021-05-29,11216,-8,Lonny Flash,United States,2009-03-04,141,False,Twitter,False,-1,Spring,4469,1182185.0,93.92,"Viral Vector, mRNA"
2021-05-27,12118,-6,Mahnoor Baloch,United States,2018-06-25,225,False,Twitter,False,0,Spring,1067,1383700.0,93.29,"Viral Vector, mRNA"
2021-05-26,12853,-1,AbdulRahman Shaheen,Bahrain,2011-05-06,853,False,Twitter,False,0,Spring,3673,16960.0,93.7,"Inactivated, Viral Vector, mRNA"
2021-05-24,9796,-10,brandon✨,United States,2018-07-11,640,False,Twitter,False,0,Spring,1048,1663282.0,92.03,"Viral Vector, mRNA"
2021-05-28,12187,1,Human Care Society,India,2021-05-03,15,False,Twitter,False,1,Spring,25,1971730.0,14.58,"Other, Viral Vector"
2021-05-26,12853,-1,Jules1979,Canada,2015-02-11,409,False,Twitter,False,0,Spring,2296,360930.0,58.14,"Viral Vector, mRNA"
2021-05-27,12118,-6,vartmaan bharat,India,2019-10-05,44,False,Twitter,False,1,Spring,600,1902326.0,14.44,"Other, Viral Vector"
2021-05-28,12187,1,Pugdundee Safaris,India,2012-07-17,2102,False,Twitter,False,1,Spring,3237,1971730.0,14.58,"Other, Viral Vector"
2021-05-25,12973,32,miya🎀 | 🇵🇸,United States,2012-01-23,1760,False,Twitter,False,1,Spring,3410,1572765.0,92.46,"Viral Vector, mRNA"
2021-05-27,12118,-6,Jason Monohern,United States,2012-10-09,5,False,Twitter,False,1,Spring,3152,1383700.0,93.29,"Viral Vector, mRNA"
2021-05-27,12118,-6,Michelle-Herbert,United States,2020-04-07,295,False,Twitter,False,1,Spring,415,1383700.0,93.29,"Viral Vector, mRNA"
2021-05-27,12118,-6,OmNamoShivaya,India,2010-01-01,190,False,Twitter,False,1,Spring,4164,1902326.0,14.44,"Other, Viral Vector"
2021-05-24,9796,-10,Charles Russell Speechlys,United Kingdom,2012-05-02,3140,False,hootsuite inc.,False,1,Spring,3309,580439.0,90.05,"Viral Vector, mRNA"
2021-05-26,12853,-1,Jim McFlirty,United States,2009-12-06,49,False,Twitter,False,1,Spring,4189,1479626.0,92.89,"Viral Vector, mRNA"
2021-05-27,12118,-6,Earth And Gravity,Canada,2020-04-17,22,False,Twitter,False,0,Spring,405,359899.0,59.18,"Viral Vector, mRNA"
2021-05-24,9796,-10,Liz Kuchel,United States,2018-11-06,130,False,Twitter,False,-1,Spring,930,1663282.0,92.03,"Viral Vector, mRNA"
2021-05-26,12853,-1,Amudu Salongo Jean Pierre,United States,2014-07-07,124,False,Twitter,False,-1,Spring,2515,1479626.0,92.89,"Viral Vector, mRNA"
2021-05-27,12118,-6,Nelson Eng,United States,2011-03-24,265,False,Twitter,False,1,Spring,3717,1383700.0,93.29,"Viral Vector, mRNA"
2021-05-24,9796,-10,Amit Vakil,India,2012-08-26,216,False,Twitter,False,0,Spring,3193,1478358.0,13.93,"Other, Viral Vector"
2021-05-25,12973,32,Dr Ananta Dave 💙😷2m🧴✋🏽💉 We can do this,United States,2014-06-08,2342,False,Twitter,False,-1,Spring,2543,1572765.0,92.46,"Viral Vector, mRNA"
2021-05-28,12187,1,Andrew Carrillo,United States,2019-09-29,229,False,Twitter,False,1,Spring,607,1279763.0,93.69,"Viral Vector, mRNA"
2021-05-28,12187,1,Nabeel Qadeer,United States,2009-12-01,19645,True,Twitter,False,1,Spring,4196,1279763.0,93.69,"Viral Vector, mRNA"
2021-05-24,9796,-10,~Straight Edge~,United States,2015-12-28,65,False,Twitter,False,-1,Spring,1974,1663282.0,92.03,"Viral Vector, mRNA"
2021-05-26,12853,-1,Amy Wichman,United States,2009-10-28,1246,False,Instagram,False,1,Spring,4228,1479626.0,92.89,"Viral Vector, mRNA"
2021-05-25,12973,32,Pedantic,United States,2018-07-06,11,False,Twitter,False,1,Spring,1054,1572765.0,92.46,"Viral Vector, mRNA"
2021-05-28,12187,1,Kevin Koh,Singapore,2009-05-03,3,False,everyonesocial,False,0,Spring,4408,46214.0,70.61,"Inactivated, mRNA"
2021-05-25,12973,32,Binky,United States,2014-11-13,421,False,Twitter,False,0,Spring,2385,1572765.0,92.46,"Viral Vector, mRNA"
2021-05-27,12118,-6,Mícheál 🔰🇵🇸,United States,2018-07-06,202,False,Twitter,False,-1,Spring,1056,1383700.0,93.29,"Viral Vector, mRNA"
2021-05-28,12187,1,BC Hepatitis Network,Canada,2011-11-18,1994,False,hootsuite inc.,False,1,Spring,3479,356187.0,60.38,"Viral Vector, mRNA"
2021-05-27,12118,-6,Pradip Kamat #BLM,United States,2015-03-19,2645,False,Twitter,False,1,Spring,2261,1383700.0,93.29,"Viral Vector, mRNA"
2021-05-28,12187,1,Jenna,United States,2019-03-03,17,False,Twitter,False,1,Spring,817,1279763.0,93.69,"Viral Vector, mRNA"
2021-05-27,12118,-6,"Jennifer Michelle, MPH, EMT",United States,2017-06-12,1376,False,Buffer,False,1,Spring,1445,1383700.0,93.29,"Viral Vector, mRNA"
2021-05-24,9796,-10,Julie J. Paik,United States,2020-11-18,218,False,Twitter,False,0,Spring,187,1663282.0,92.03,"Viral Vector, mRNA"
2021-05-25,12973,32,@onenash,Canada,2016-01-27,305,False,Twitter,False,0,Spring,1945,366106.0,57.29,"Viral Vector, mRNA"
2021-05-28,12187,1,Devon Garcia,United States,2016-03-09,133,False,the tweeted times,False,1,Spring,1906,1279763.0,93.69,"Viral Vector, mRNA"
2021-05-29,11216,-8,Deepti Jha,India,2017-03-08,87,False,Twitter,False,0,Spring,1543,2320922.0,14.86,"Other, Viral Vector"
2021-05-25,12973,32,amecee,India,2021-02-15,8,False,Twitter,False,1,Spring,99,1473597.0,14.03,"Other, Viral Vector"
2021-05-29,11216,-8,Iris.Zero,United States,2018-11-01,3,False,Twitter,False,0,Spring,940,1182185.0,93.92,"Viral Vector, mRNA"
2021-05-26,12853,-1,Kerri Johnson,United States,2019-10-10,319,False,Twitter,False,1,Spring,594,1479626.0,92.89,"Viral Vector, mRNA"
2021-05-26,12853,-1,Eliane Becks _The HIV Stigma Fighter,United States,2014-12-01,801,False,Twitter,False,1,Spring,2368,1479626.0,92.89,"Viral Vector, mRNA"
2021-05-27,12118,-6,𝐑𝐚𝐡𝐮𝐥 𝐊𝐮𝐦𝐚𝐫,India,2013-02-05,1670,False,Twitter,False,1,Spring,3033,1902326.0,14.44,"Other, Viral Vector"
2021-05-25,12973,32,Javier Manjarres,United States,2009-10-29,6400,False,Twitter,False,-1,Spring,4226,1572765.0,92.46,"Viral Vector, mRNA"
2021-05-24,9796,-10,Imad Munawar,United Kingdom,2013-05-08,70,False,Twitter,False,0,Spring,2938,580439.0,90.05,"Viral Vector, mRNA"
2021-05-29,11216,-8,VG,India,2014-07-06,54,False,Twitter,False,1,Spring,2519,2320922.0,14.86,"Other, Viral Vector"
2021-06-15,9343,35,Oxfam Pilipinas,Philippines,2009-10-19,3545,True,Twitter,False,-1,Summer,4257,150537.0,6.64,"Inactivated, Viral Vector, mRNA"
2021-06-23,9231,4,Catalina I. Fernández,United States,2018-11-13,233,False,Twitter,False,-1,Summer,953,673304.0,100.5,"Viral Vector, mRNA"
2021-06-16,9580,3,𝔗𝔥𝔢𝔊𝔬𝔱𝔥𝔦𝔠𝔏𝔦𝔟𝔯𝔞𝔯𝔦𝔞𝔫📖🏳️‍🌈,United States,2016-10-15,4237,False,Twitter,False,1,Summer,1705,930413.0,99.08,"Viral Vector, mRNA"
2021-06-18,9196,3,Sai Kiran,United States,2009-07-31,222,False,Twitter,False,1,Summer,4340,846789.0,99.62,"Viral Vector, mRNA"
2021-06-16,9580,3,Arti Katiyar Yadav,India,2016-07-18,91,False,Twitter,False,1,Summer,1794,3067056.0,18.54,"Other, Viral Vector"
2021-06-15,9343,35,Chad McDowell,United Kingdom,2021-04-01,55,False,Twitter,False,-1,Summer,75,458614.0,106.24,"Viral Vector, mRNA"
2021-06-16,9580,3,Avnish Kumar,India,2014-11-22,27,False,Twitter,False,0,Summer,2398,3067056.0,18.54,"Other, Viral Vector"
2021-06-30,8908,12,Sandy,United States,2008-02-26,309,False,tweetbot for iοs,False,0,Summer,4873,577473.0,101.72,"Viral Vector, mRNA"
2021-06-22,8900,35,CUPE 4600,Canada,2010-02-23,2641,False,Twitter,False,1,Summer,4137,451435.0,87.45,"Viral Vector, mRNA"
2021-06-21,6615,-5,Prakash Poshwal💧,India,2018-04-17,136,False,Twitter,False,0,Summer,1161,4364797.0,20.33,"Other, Viral Vector"
2021-06-15,9343,35,Duryodhan (Taking a Break) ❂,United States,2010-05-11,7080,False,Twitter,False,0,Summer,4053,962069.0,98.79,"Viral Vector, mRNA"
2021-06-18,9196,3,Black Country Healthcare,United States,2019-12-05,1276,False,Twitter,False,0,Summer,561,846789.0,99.62,"Viral Vector, mRNA"
2021-06-22,8900,35,Regence Utah,United States,2009-04-09,3593,True,Sprout,False,1,Summer,4457,703000.0,100.28,"Viral Vector, mRNA"
2021-06-16,9580,3,Arkatechture 📊,United States,2012-10-14,302,False,hubspot,False,0,Summer,3167,930413.0,99.08,"Viral Vector, mRNA"
2021-06-30,8908,12,💧🅲🅷🆁🅸🆂🆃🅸🅽🅴💧 - Viva La Revolution ✊🏼,Australia,2013-09-07,105,False,Twitter,False,1,Summer,2853,106191.0,30.02,"Viral Vector, mRNA"
2021-06-21,6615,-5,City of San Ramon,United States,2012-06-14,5946,False,Twitter,False,1,Summer,3294,734651.0,100.05,"Viral Vector, mRNA"
2021-06-22,8900,35,Massoud khodabandeh,United States,2012-11-04,1646,False,Twitter,False,1,Summer,3152,703000.0,100.28,"Viral Vector, mRNA"
2021-06-21,6615,-5,Joan Doyle,United States,2015-05-03,168,False,Twitter,False,1,Summer,2241,734651.0,100.05,"Viral Vector, mRNA"
2021-06-16,9580,3,BrightHR_,United Kingdom,2015-06-15,3277,False,hootsuite inc.,False,1,Summer,2193,449697.0,106.87,"Viral Vector, mRNA"
2021-06-30,8908,12,AhamBrahmasmi,United States,2013-12-09,410,False,Twitter,False,-1,Summer,2760,577473.0,101.72,"Viral Vector, mRNA"
2021-06-30,8908,12,Bhargav Kumar,India,2019-10-06,40,False,Twitter,False,1,Summer,633,5112543.0,23.62,"Other, Viral Vector"
2021-06-15,9343,35,Angela Ferguson 💙,United Kingdom,2013-09-04,1197,False,Twitter,False,1,Summer,2841,458614.0,106.24,"Viral Vector, mRNA"
2021-06-23,9231,4,Tecnologie Ambientali,United States,2015-06-23,202,False,Twitter,False,1,Summer,2192,673304.0,100.5,"Viral Vector, mRNA"
2021-06-20,6997,-21,Dan Johnson,Belgium,2018-12-30,321,False,Twitter,False,1,Summer,903,147728.0,84.33,"Viral Vector, mRNA"
2021-06-30,8908,12,JC Hines,United States,2011-09-18,5405,False,Twitter,False,1,Summer,3573,577473.0,101.72,"Viral Vector, mRNA"
2021-06-19,8897,-3,Kath 💙,United States,2015-11-07,1918,False,Twitter,False,1,Summer,2051,801432.0,99.8,"Viral Vector, mRNA"
2021-06-17,8889,-7,Chris Thomas,United States,2010-11-20,180,False,Twitter,False,1,Summer,3862,891020.0,99.35,"Viral Vector, mRNA"
2021-06-16,9580,3,Michel Salim🕯️👻,United States,2006-11-04,555,False,Twitter,False,1,Summer,5338,930413.0,99.08,"Viral Vector, mRNA"
2021-06-21,6615,-5,chris coyne,United States,2009-05-04,188,False,Twitter,False,-1,Summer,4431,734651.0,100.05,"Viral Vector, mRNA"
2021-06-30,8908,12,Luchia,Canada,2020-06-12,72,False,Twitter,False,-1,Summer,383,545411.0,98.83,"Viral Vector, mRNA"
2021-06-17,8889,-7,NALA celebrating 40 years,United States,2010-09-07,5639,True,Twitter,False,0,Summer,3936,891020.0,99.35,"Viral Vector, mRNA"
2021-06-19,8897,-3,Welfare Journal,United Kingdom,2012-11-17,9348,False,Twitter,False,1,Summer,3136,422952.0,108.94,"Viral Vector, mRNA"
2021-06-20,6997,-21,Anuplab Ghosh,India,2020-09-26,228,False,Twitter,False,-1,Summer,267,3550883.0,19.68,"Other, Viral Vector"
2021-06-16,9580,3,Cognition Coaching,United States,2018-05-07,400,False,socialpost app,False,0,Summer,1136,930413.0,99.08,"Viral Vector, mRNA"
2021-06-23,9231,4,Laurel,United States,2013-08-14,152,False,Twitter,False,1,Summer,2870,673304.0,100.5,"Viral Vector, mRNA"
2021-06-30,8908,12,IFRC Asia Pacific,United States,2015-03-05,16733,True,Twitter,False,1,Summer,2309,577473.0,101.72,"Viral Vector, mRNA"
2021-06-30,8908,12,Steps To Save The World 👣🌍,United Kingdom,2020-02-05,46,False,Twitter,False,1,Summer,511,334964.0,114.22,"Viral Vector, mRNA"
2021-06-30,8908,12,Fabio Hasler,United States,2012-11-21,1256,False,Twitter,False,1,Summer,3143,577473.0,101.72,"Viral Vector, mRNA"
2021-06-16,9580,3,Claire Fitzpatrick,United States,2009-02-22,963,False,Twitter,False,1,Summer,4497,930413.0,99.08,"Viral Vector, mRNA"
2021-06-18,9196,3,Tejash Mehta,India,2010-01-05,1729,False,Twitter,False,0,Summer,4182,3236100.0,19.12,"Other, Viral Vector"
2021-06-17,8889,-7,Joshua J Heeley,United Kingdom,2009-06-18,341,False,Twitter,False,0,Summer,4382,443639.0,107.55,"Viral Vector, mRNA"
2021-06-30,8908,12,Nitin Singh Panwar,India,2010-09-19,359,False,Twitter,False,0,Summer,3937,5112543.0,23.62,"Other, Viral Vector"
2021-06-30,8908,12,Invest In North Lincs,United Kingdom,2012-10-12,1427,False,Twitter,False,1,Summer,3183,334964.0,114.22,"Viral Vector, mRNA"
2021-06-18,9196,3,SourceMash,India,2018-03-05,1008,False,Twitter,False,1,Summer,1201,3236100.0,19.12,"Other, Viral Vector"
2021-06-15,9343,35,CA,United States,2009-11-15,201,False,Twitter,False,0,Summer,4230,962069.0,98.79,"Viral Vector, mRNA"
2021-06-18,9196,3,mangy carl,India,2020-03-15,138,False,Twitter,False,0,Summer,460,3236100.0,19.12,"Other, Viral Vector"
2021-06-20,6997,-21,DR SANTANU SEN,India,2018-11-09,3676,True,Twitter,False,-1,Summer,954,3550883.0,19.68,"Other, Viral Vector"
2021-06-30,8908,12,Marla Waltman 🇨🇦😷⚾️🤷🏻‍♀️🥱,Canada,2009-06-22,3427,False,Twitter,False,1,Summer,4391,545411.0,98.83,"Viral Vector, mRNA"
2021-06-22,8900,35,Caroluce,United States,2010-03-27,2491,False,Twitter,False,0,Summer,4105,703000.0,100.28,"Viral Vector, mRNA"
2021-06-17,8889,-7,Damien Hawkins,United Kingdom,2009-06-07,962,False,Instagram,False,0,Summer,4393,443639.0,107.55,"Viral Vector, mRNA"
2021-06-20,6997,-21,IRAN in Ireland,United States,2018-11-16,902,False,Twitter,False,-1,Summer,947,784873.0,99.88,"Viral Vector, mRNA"
2021-06-19,8897,-3,J S Dash 🇮🇳,India,2019-02-26,15,False,Twitter,False,0,Summer,844,3531464.0,19.44,"Other, Viral Vector"
2021-06-22,8900,35,Nutshell India,India,2020-12-03,77,False,Twitter,False,0,Summer,201,4935727.0,20.8,"Other, Viral Vector"
2021-06-15,9343,35,Balerao Prathyusha,India,2017-02-26,12,False,Twitter,False,-1,Summer,1570,3089205.0,18.32,"Other, Viral Vector"
2021-06-23,9231,4,Lynnez ❤️,United States,2009-06-12,3800,False,Twitter,False,-1,Summer,4394,673304.0,100.5,"Viral Vector, mRNA"
2021-06-16,9580,3,kaluba chibesakunda,United States,2010-10-02,114,False,Twitter,False,-1,Summer,3910,930413.0,99.08,"Viral Vector, mRNA"
2021-06-30,8908,12,Darshan parmar,India,2015-02-22,257,False,Twitter,False,1,Summer,2320,5112543.0,23.62,"Other, Viral Vector"
2021-06-21,6615,-5,Craig Miles,United States,2014-11-02,342,False,Twitter,False,1,Summer,2423,734651.0,100.05,"Viral Vector, mRNA"
2021-06-23,9231,4,Kuntney Rhodes,United Kingdom,2019-06-13,61,False,Twitter,False,1,Summer,741,381796.0,110.79,"Viral Vector, mRNA"
2021-06-23,9231,4,Office of G. Kishan Reddy,India,2019-06-26,5749,True,Twitter,False,1,Summer,728,5006348.0,21.05,"Other, Viral Vector"
2021-06-18,9196,3,Ney Yan,United States,2021-04-10,59,False,Twitter,False,-1,Summer,69,846789.0,99.62,"Viral Vector, mRNA"
2021-06-21,6615,-5,Farzi Gyaan,India,2020-06-08,4,False,Twitter,False,0,Summer,378,4364797.0,20.33,"Other, Viral Vector"
2021-06-16,9580,3,Margaret Greco,United States,2013-11-29,114,False,Twitter,False,1,Summer,2756,930413.0,99.08,"Viral Vector, mRNA"
2021-06-30,8908,12,Manjunath M Gowda 🐯,India,2009-01-19,1006,False,LinkedIn,False,0,Summer,4545,5112543.0,23.62,"Other, Viral Vector"
2021-06-30,8908,12,Abhishek Choudhary 🇮🇳,India,2013-01-19,5525,False,Twitter,False,1,Summer,3084,5112543.0,23.62,"Other, Viral Vector"
2021-06-30,8908,12,India One Tv 🇮🇳,India,2018-01-31,216,False,Twitter,False,-1,Summer,1246,5112543.0,23.62,"Other, Viral Vector"
2021-06-16,9580,3,Harini Mehta,India,2019-02-12,62,False,Twitter,False,0,Summer,855,3067056.0,18.54,"Other, Viral Vector"
2021-06-16,9580,3,Maul Cosplay,United States,2016-10-24,36954,False,Twitter,False,1,Summer,1696,930413.0,99.08,"Viral Vector, mRNA"
2021-06-21,6615,-5,SunnyBuckets,Australia,2020-09-24,10,False,Twitter,False,-1,Summer,270,112591.0,26.06,"Viral Vector, mRNA"
2021-06-30,8908,12,Bharat Jain #SlowTheTap #YogaForLife,India,2011-11-21,148,False,Twitter,False,1,Summer,3509,5112543.0,23.62,"Other, Viral Vector"
2021-06-22,8900,35,NewsMeter Fact Check,India,2020-06-09,627,True,hocalwire social share,False,1,Summer,378,4935727.0,20.8,"Other, Viral Vector"
2021-06-23,9231,4,Maciro,United States,2018-12-23,78,False,Twitter,False,-1,Summer,913,673304.0,100.5,"Viral Vector, mRNA"
2021-06-20,6997,-21,Giancarlo Rosa,Canada,2014-06-29,856,False,Twitter,False,0,Summer,2548,453950.0,85.14,"Viral Vector, mRNA"
2021-06-30,8908,12,🤗𝔽𝕣𝕖𝕕 𝕊𝕞𝕚𝕥𝕙🇦🇺🎶🕹️🚫①ⓑ,Australia,2013-09-06,2640,False,Twitter,False,-1,Summer,2854,106191.0,30.02,"Viral Vector, mRNA"
2021-06-23,9231,4,ANDREW JAMES SPOONER (VO HOME STUDIO),United Kingdom,2009-05-30,3128,False,Twitter,False,1,Summer,4407,381796.0,110.79,"Viral Vector, mRNA"
2021-06-30,8908,12,𝐓𝐚𝐫𝐮𝐧 𝐊𝐚𝐥𝐰𝐚𝐫,India,2019-05-23,1,False,Twitter,False,-1,Summer,769,5112543.0,23.62,"Other, Viral Vector"
2021-06-21,6615,-5,ps1423 ●,India,2017-11-26,1589,False,Twitter,False,-1,Summer,1303,4364797.0,20.33,"Other, Viral Vector"
2021-06-22,8900,35,SastaSundar,India,2013-10-17,856,False,Twitter,False,1,Summer,2805,4935727.0,20.8,"Other, Viral Vector"
2021-06-17,8889,-7,UNC/Emory Center for Innovative Technology (iTech),United States,2017-02-02,801,False,Buffer,False,1,Summer,1596,891020.0,99.35,"Viral Vector, mRNA"
2021-06-19,8897,-3,NellySplash,United Kingdom,2015-11-04,45,False,Instagram,False,1,Summer,2054,422952.0,108.94,"Viral Vector, mRNA"
2021-06-30,8908,12,Michelle Nyemba,Japan,2020-03-12,702,False,Twitter,False,0,Summer,475,1352440.0,40.43,"Viral Vector, mRNA"
2021-06-20,6997,-21,Simon Michelmore,United States,2014-07-08,203,False,Twitter,False,0,Summer,2539,784873.0,99.88,"Viral Vector, mRNA"
2021-06-22,8900,35,PRO Defence Nagpur,India,2015-06-18,9857,True,Twitter,False,1,Summer,2196,4935727.0,20.8,"Other, Viral Vector"
2021-06-15,9343,35,Batavia Daily News,United States,2011-06-23,3842,False,Twitter,False,1,Summer,3645,962069.0,98.79,"Viral Vector, mRNA"
2021-06-17,8889,-7,CMC Vellore (Official),India,2019-12-03,1840,False,Twitter,False,1,Summer,562,3241192.0,18.87,"Other, Viral Vector"
2021-06-16,9580,3,Amie Archibald-Varley,Canada,2020-12-20,1067,False,Twitter,False,1,Summer,178,448708.0,80.37,"Viral Vector, mRNA"
2021-06-22,8900,35,Vijay Pavan Budi 🇮🇳,India,2020-10-23,28,False,Twitter,False,1,Summer,242,4935727.0,20.8,"Other, Viral Vector"
2021-06-18,9196,3,Raj,India,2009-04-18,265,False,Twitter,False,1,Summer,4444,3236100.0,19.12,"Other, Viral Vector"
2021-06-23,9231,4,Jason 💉X1,Canada,2008-02-19,3379,False,Twitter,False,0,Summer,4873,458820.0,88.8,"Viral Vector, mRNA"
2021-06-15,9343,35,Muhaymin,United Kingdom,2013-11-17,104,False,Twitter,False,0,Summer,2767,458614.0,106.24,"Viral Vector, mRNA"
2021-06-30,8908,12,Dr.PRA¥€€N_maxface,India,2020-05-20,19,False,Twitter,False,-1,Summer,406,5112543.0,23.62,"Other, Viral Vector"
2021-06-19,8897,-3,Carers Trust Scotland,United States,2014-10-15,3715,False,Sprout,False,1,Summer,2439,801432.0,99.8,"Viral Vector, mRNA"
2021-06-21,6615,-5,पुष्प राज ठाकुर 🇮🇳,India,2018-08-26,1061,False,Twitter,False,1,Summer,1030,4364797.0,20.33,"Other, Viral Vector"
2021-06-16,9580,3,Narrow Path,United States,2011-05-19,799,False,Twitter,False,-1,Summer,3681,930413.0,99.08,"Viral Vector, mRNA"
2021-06-18,9196,3,Larvey - LNP gives us a Deputy #Sexpest PM,United States,2011-07-18,7049,False,Twitter,False,-1,Summer,3623,846789.0,99.62,"Viral Vector, mRNA"
2021-06-15,9343,35,The Levy Library at Icahn School of Medicine,United States,2009-10-06,2174,False,Buffer,False,-1,Summer,4270,962069.0,98.79,"Viral Vector, mRNA"
2021-06-21,6615,-5,ELDHOSE BABY,United States,2016-11-19,394,False,Twitter,False,1,Summer,1675,734651.0,100.05,"Viral Vector, mRNA"
2021-06-15,9343,35,𝒮𝑒𝒶𝓃𝓃𝒶 🤗🧁,United States,2013-01-05,2180,False,Twitter,False,1,Summer,3083,962069.0,98.79,"Viral Vector, mRNA"
2021-06-30,8908,12,Leeroy 🏴‍☠️,United States,2011-10-19,498,False,Twitter,False,1,Summer,3542,577473.0,101.72,"Viral Vector, mRNA"
2021-06-23,9231,4,Moses Odhiambo,United States,2009-03-26,251,False,Twitter,False,-1,Summer,4472,673304.0,100.5,"Viral Vector, mRNA"
2021-06-23,9231,4,City of Baton Rouge,United States,2011-03-16,21070,True,hootsuite inc.,False,1,Summer,3752,673304.0,100.5,"Viral Vector, mRNA"
2021-06-23,9231,4,Today's Bride Magazine,Canada,2010-01-25,5816,False,Twitter,False,0,Summer,4167,458820.0,88.8,"Viral Vector, mRNA"
2021-06-18,9196,3,Joy Ganjoo 🌎,India,2010-03-16,803,False,Twitter,False,-1,Summer,4112,3236100.0,19.12,"Other, Viral Vector"
2021-06-22,8900,35,Arkansas Soul,United States,2020-06-19,184,False,Sendible,False,1,Summer,368,703000.0,100.28,"Viral Vector, mRNA"
2021-06-20,6997,-21,Jason Foedus #RIDDANCE,Italy,2016-06-01,221,False,Twitter,False,0,Summer,1845,549233.0,77.09,"Other, Viral Vector, mRNA"
2021-06-20,6997,-21,M Kamruzzaman,United States,2018-04-07,30,False,Twitter,False,1,Summer,1170,784873.0,99.88,"Viral Vector, mRNA"
2021-06-23,9231,4,SAITEZAA,India,2010-08-09,5083,False,Twitter,False,1,Summer,3971,5006348.0,21.05,"Other, Viral Vector"
2021-06-20,6997,-21,Utkarsh Dayal 😷,India,2009-08-16,462,False,Twitter,False,0,Summer,4326,3550883.0,19.68,"Other, Viral Vector"
2021-06-30,8908,12,Global Gaslighting,Australia,2012-03-04,423,False,Twitter,False,0,Summer,3405,106191.0,30.02,"Viral Vector, mRNA"
2021-06-16,9580,3,Namasiku Tia Liza,Namibia,2011-09-26,5638,False,Twitter,False,0,Summer,3551,2804.0,4.36,"Inactivated, Viral Vector, mRNA"
2021-06-23,9231,4,Ashyashree Praharaj,India,2010-07-31,66,False,Twitter,False,1,Summer,3980,5006348.0,21.05,"Other, Viral Vector"
2021-06-23,9231,4,S. Lalitha,India,2015-09-21,3658,False,Twitter,False,0,Summer,2102,5006348.0,21.05,"Other, Viral Vector"
2021-06-16,9580,3,PolicyX.com,India,2013-01-06,1569,False,Twitter,False,0,Summer,3083,3067056.0,18.54,"Other, Viral Vector"
2021-06-21,6615,-5,Sravani Reddy 🌸🥀,India,2016-05-30,3064,False,Twitter,False,1,Summer,1848,4364797.0,20.33,"Other, Viral Vector"
2021-06-22,8900,35,Lalitendu Bidyadhar Mohapatra,India,2019-09-27,1841,True,Twitter,False,1,Summer,634,4935727.0,20.8,"Other, Viral Vector"
2021-06-18,9196,3,Abhishek A Mane,India,2018-01-02,178,False,Twitter,False,-1,Summer,1263,3236100.0,19.12,"Other, Viral Vector"
2021-06-22,8900,35,타샤 Tasha,United States,2011-04-20,903,False,Twitter,False,0,Summer,3716,703000.0,100.28,"Viral Vector, mRNA"
2021-06-22,8900,35,#FreedomNation 🏴󠁧󠁢󠁳󠁣󠁴󠁿💙⚔️,United States,2019-06-24,173,False,Twitter,False,1,Summer,729,703000.0,100.28,"Viral Vector, mRNA"
2021-06-22,8900,35,Daniel Bardwell,United Kingdom,2019-01-25,973,False,Twitter,False,1,Summer,879,389619.0,110.24,"Viral Vector, mRNA"
2021-06-21,6615,-5,Gaurav Singh Rajput,India,2016-10-01,62,False,Twitter,False,0,Summer,1724,4364797.0,20.33,"Other, Viral Vector"
2021-06-21,6615,-5,Mohd. Sajid 🍁,India,2011-01-01,6602,False,Twitter,False,0,Summer,3824,4364797.0,20.33,"Other, Viral Vector"
2021-06-22,8900,35,The City Project,India,2017-03-08,78,False,Twitter,False,-1,Summer,1567,4935727.0,20.8,"Other, Viral Vector"
2021-06-19,8897,-3,Emerald Knight,United States,2016-07-02,49,False,Twitter,False,0,Summer,1813,801432.0,99.8,"Viral Vector, mRNA"
2021-06-23,9231,4,Dr Aizal Che Hamzah,United States,2010-12-01,352,False,Twitter,False,0,Summer,3857,673304.0,100.5,"Viral Vector, mRNA"
2021-06-30,8908,12,Bakhtiyar,India,2012-05-16,29,False,Twitter,False,-1,Summer,3332,5112543.0,23.62,"Other, Viral Vector"
2021-07-14,8794,8,Kumutha Ramanathan,United States,2010-06-26,2051,False,Twitter,False,1,Summer,4036,484995.0,103.7,"Viral Vector, mRNA"
2021-07-23,8894,-2,Dr.Dewangi Kansagara 🇮🇳,India,2021-01-30,803,False,Twitter,False,-1,Summer,174,4026626.0,30.71,"Other, Viral Vector"
2021-07-30,9452,-12,70sMusicAddict,United States,2021-02-12,40,False,Twitter,False,-1,Summer,168,620021.0,106.51,"Viral Vector, mRNA"
2021-07-30,9452,-12,Natchitoches Parish School Board,United States,2020-06-15,108,False,Twitter,False,1,Summer,410,620021.0,106.51,"Viral Vector, mRNA"
2021-07-25,7274,-15,David Henry Fussell,United States,2011-03-05,1091,False,Twitter,False,0,Summer,3795,560222.0,105.42,"Viral Vector, mRNA"
2021-07-03,7508,-13,Raghav Bahl,India,2010-07-21,112650,True,TweetDeck,False,0,Summer,4000,4208458.0,24.71,"Other, Viral Vector"
2021-07-11,6837,-13,Public Health Channel,India,2021-04-26,6,False,Twitter,False,0,Summer,76,4281993.0,27.08,"Other, Viral Vector"
2021-07-28,10416,7,InkTheArtist404,Norway,2012-05-23,6,False,Twitter,False,0,Summer,3353,36796.0,97.47,mRNA
2021-07-10,7816,-9,Erica Woodahl,United States,2012-11-15,377,False,Twitter,False,1,Summer,3159,457342.0,103.16,"Viral Vector, mRNA"
2021-07-28,10416,7,Sunil Kendenti,India,2012-07-24,10,False,Twitter,False,0,Summer,3291,4693587.0,32.35,"Other, Viral Vector"
2021-07-26,7748,7,PatriotX,United States,2021-01-21,36,False,Twitter,False,-1,Summer,186,570913.0,105.61,"Viral Vector, mRNA"
2021-07-18,7350,-2,In My Opinion,United States,2010-04-20,26,False,Twitter,False,-1,Summer,4107,482520.0,104.24,"Viral Vector, mRNA"
2021-07-27,9719,25,`•.¸¸.•´´¯`••._.• TheFilthyC • 🦋,United States,2013-10-06,347,False,Twitter,False,-1,Summer,2851,584819.0,105.83,"Viral Vector, mRNA"
2021-07-17,7519,-14,Illuminati #NeverTrustaTory #SP21🏴󠁧󠁢󠁳󠁣󠁴󠁿💙,United States,2017-06-02,221,False,Twitter,False,1,Summer,1506,480051.0,104.17,"Viral Vector, mRNA"
2021-07-01,8444,-5,Peter J. Freemasons are EVIL,United States,2017-01-27,2298,False,Twitter,False,-1,Summer,1616,564169.0,101.9,"Viral Vector, mRNA"
2021-07-04,6459,-14,Ash🎬📺🎃🍷📌⚰ @craftandcrypt on ETSY,Canada,2010-12-12,231,False,Twitter,False,0,Summer,3857,515957.0,103.33,"Viral Vector, mRNA"
2021-07-17,7519,-14,Debbie Colburn,United States,2014-05-15,40,False,Twitter,False,-1,Summer,2620,480051.0,104.17,"Viral Vector, mRNA"
2021-07-22,9045,3,Just1NCredib1e,Australia,2009-07-31,1114,False,Twitter,False,1,Summer,4374,149479.0,41.98,"Viral Vector, mRNA"
2021-07-02,8634,2,Devika Mittal देविका मित्तल دیوِیکا مِتّل,India,2010-10-26,7065,False,Twitter,False,0,Summer,3902,4144324.0,24.09,"Other, Viral Vector"
2021-07-13,8173,23,CarrieD,United States,2013-02-11,51,False,Twitter,False,1,Summer,3074,490714.0,103.54,"Viral Vector, mRNA"
2021-07-21,8749,2,DanaBlankenhorn,United States,2008-03-11,3726,False,Twitter,False,0,Summer,4880,514625.0,104.78,"Viral Vector, mRNA"
2021-07-28,10416,7,Ben Veal,United Kingdom,2009-01-16,1412,False,Twitter,False,1,Summer,4576,205125.0,123.83,"Viral Vector, mRNA"
2021-07-27,9719,25,Nick P,United States,2019-02-27,56,False,Twitter,False,1,Summer,881,584819.0,105.83,"Viral Vector, mRNA"
2021-07-26,7748,7,Tony Yoo,Australia,2012-01-12,879,True,Twitter,False,-1,Summer,3483,158447.0,44.13,"Viral Vector, mRNA"
2021-07-28,10416,7,Giancarlo de Vera ❤️ Disability | 🌈,United States,2009-04-07,1097,False,Twitter,False,1,Summer,4495,597481.0,106.04,"Viral Vector, mRNA"
2021-07-02,8634,2,Zahid Hafeez Chaudhri,United States,2014-11-23,5368,True,Twitter,False,1,Summer,2413,543254.0,102.08,"Viral Vector, mRNA"
2021-07-22,9045,3,Mr. Rod L. King,United States,2009-03-29,37,False,Twitter,False,-1,Summer,4498,530147.0,104.98,"Viral Vector, mRNA"
2021-07-05,6477,0,Alden Olms,United States,2010-09-10,267,False,Twitter,False,1,Summer,3951,469585.0,102.33,"Viral Vector, mRNA"
2021-07-22,9045,3,Jack Frank // XORadio.uk 🏳️‍🌈,United Kingdom,2019-12-24,104,False,Twitter,False,0,Summer,576,221659.0,122.06,"Viral Vector, mRNA"
2021-07-23,8894,-2,nebskii 🇪🇺🏳️‍🌈🐝,United States,2009-02-23,1352,False,Twitter,False,1,Summer,4533,547618.0,105.2,"Viral Vector, mRNA"
2021-07-26,7748,7,Aaron John,Philippines,2011-09-01,82,False,Twitter,False,0,Summer,3616,300880.0,15.49,"Inactivated, Viral Vector, mRNA"
2021-07-20,8598,23,Leena Jones,Canada,2012-02-16,53,False,Twitter,False,0,Summer,3442,369364.0,121.49,"Viral Vector, mRNA"
2021-07-26,7748,7,Char ✨,United States,2011-11-20,89,False,Twitter,False,1,Summer,3536,570913.0,105.61,"Viral Vector, mRNA"
2021-07-10,7816,-9,Pehpi,Canada,2012-03-11,58,False,Twitter,False,1,Summer,3408,491750.0,111.53,"Viral Vector, mRNA"
2021-07-05,6477,0,Vanshaj,India,2014-04-25,125,False,Twitter,False,1,Summer,2628,4257988.0,25.21,"Other, Viral Vector"
2021-07-18,7350,-2,Carleen Macdermid,United States,2009-10-02,840,False,Twitter,False,0,Summer,4307,482520.0,104.24,"Viral Vector, mRNA"
2021-07-02,8634,2,Emily Paulson,United States,2021-05-02,104,False,Twitter,False,-1,Summer,61,543254.0,102.08,"Viral Vector, mRNA"
2021-07-13,8173,23,🏴󠁧󠁢󠁳󠁣󠁴󠁿 #FBSI,United States,2020-10-16,143,False,Twitter,False,-1,Summer,270,490714.0,103.54,"Viral Vector, mRNA"
2021-07-13,8173,23,Craig Macdonald,United States,2019-03-25,34,False,Twitter,False,-1,Summer,841,490714.0,103.54,"Viral Vector, mRNA"
2021-07-17,7519,-14,Mohsin Ali Syed,United States,2010-05-20,159,False,Twitter,False,0,Summer,4076,480051.0,104.17,"Viral Vector, mRNA"
2021-07-02,8634,2,🔮✝ J A C K L I S L E ✝🔮,United Kingdom,2020-11-04,44,False,Twitter,False,0,Summer,240,316401.0,115.17,"Viral Vector, mRNA"
2021-07-05,6477,0,Saradhi,India,2011-02-27,1932,False,Twitter,False,0,Summer,3781,4257988.0,25.21,"Other, Viral Vector"
2021-07-04,6459,-14,James Keith,Canada,2020-01-05,9,False,Twitter,False,0,Summer,546,515957.0,103.33,"Viral Vector, mRNA"
2021-07-10,7816,-9,👁‍🗨Nelson Meyer,United States,2020-06-11,240,False,Twitter,False,1,Summer,394,457342.0,103.16,"Viral Vector, mRNA"
2021-07-19,7002,-5,Ad Rock Is Fully Vaccinated🔬,United States,2009-08-08,20021,False,Twitter,False,-1,Summer,4363,489365.0,104.41,"Viral Vector, mRNA"
2021-07-05,6477,0,BlackCa$pa_blog_page,United States,2018-08-18,10,False,Twitter,False,1,Summer,1052,469585.0,102.33,"Viral Vector, mRNA"
2021-07-28,10416,7,Jonathon Dixon,United States,2021-01-06,25,False,Twitter,False,1,Summer,203,597481.0,106.04,"Viral Vector, mRNA"
2021-07-21,8749,2,Deaf Zimbabwe Trust,Zimbabwe,2013-08-04,2919,False,Twitter,False,0,Summer,2908,39499.0,12.92,"Inactivated, Viral Vector"
2021-07-13,8173,23,Vicky Sergi,United Kingdom,2014-08-21,563,False,Twitter,False,0,Summer,2518,235866.0,119.04,"Viral Vector, mRNA"
2021-07-02,8634,2,Sarah Majid,United States,2018-02-12,285,False,Twitter,False,-1,Summer,1236,543254.0,102.08,"Viral Vector, mRNA"
2021-07-05,6477,0,Prof Jeffrey S Morris,United States,2014-12-11,508,False,Twitter,False,0,Summer,2398,469585.0,102.33,"Viral Vector, mRNA"
2021-07-22,9045,3,Laborers’ Local 483,United States,2011-11-22,598,False,Twitter,False,1,Summer,3530,530147.0,104.98,"Viral Vector, mRNA"
2021-07-26,7748,7,Daniel Stein,United States,2007-12-19,2989,False,Twitter,False,-1,Summer,4968,570913.0,105.61,"Viral Vector, mRNA"
2021-07-26,7748,7,Dr. Jennifer Sarrett,United States,2019-04-10,431,False,Twitter,False,-1,Summer,838,570913.0,105.61,"Viral Vector, mRNA"
2021-07-15,8603,-2,David Awfulbot,United States,2011-02-05,1700,False,Twitter,False,-1,Summer,3813,481225.0,103.86,"Viral Vector, mRNA"
2021-07-13,8173,23,THE CORPORATE MAGAZINE,United States,2021-01-11,2711,False,Twitter,False,0,Summer,183,490714.0,103.54,"Viral Vector, mRNA"
2021-07-13,8173,23,Tri-County Health,United States,2014-01-13,6130,True,hootsuite inc.,False,1,Summer,2738,490714.0,103.54,"Viral Vector, mRNA"
2021-07-09,8592,-4,Sage Communications,United States,2011-05-26,1489,False,Twitter,False,1,Summer,3697,451120.0,103.04,"Viral Vector, mRNA"
2021-07-18,7350,-2,May Kyi Thar,United States,2021-02-02,148,False,Twitter,False,-1,Summer,166,482520.0,104.24,"Viral Vector, mRNA"
2021-07-20,8598,23,Hasmukh Ramani,India,2021-07-08,16,False,Twitter,False,0,Summer,12,3967789.0,29.82,"Other, Viral Vector"
2021-07-25,7274,-15,Gavin Hill-Smith,Australia,2017-03-13,54,False,Twitter,False,1,Summer,1595,156664.0,43.43,"Viral Vector, mRNA"
2021-07-21,8749,2,Kelley Mathews,United States,2014-04-28,1343,False,Twitter,False,0,Summer,2641,514625.0,104.78,"Viral Vector, mRNA"
2021-07-20,8598,23,Melissa o,United States,2011-11-16,3628,False,Twitter,False,-1,Summer,3534,500349.0,104.59,"Viral Vector, mRNA"
2021-07-23,8894,-2,Maqsood Jamal,United States,2014-12-15,340,False,Twitter,False,0,Summer,2412,547618.0,105.2,"Viral Vector, mRNA"
2021-07-11,6837,-13,Klub GP New York 🇵🇱🇺🇸🗽,United States,2015-12-13,550,False,Twitter,False,1,Summer,2037,481105.0,103.22,"Viral Vector, mRNA"
2021-07-04,6459,-14,St. Louis American,United States,2009-11-13,20249,False,hootsuite inc.,False,1,Summer,4251,492014.0,102.21,"Viral Vector, mRNA"
2021-07-01,8444,-5,Ryaddin - Ryad,India,2009-09-25,164,False,Twitter,False,1,Summer,4297,4955375.0,24.02,"Other, Viral Vector"
2021-07-30,9452,-12,Kalak Nivedh,United States,2019-01-13,37,False,Twitter,False,0,Summer,929,620021.0,106.51,"Viral Vector, mRNA"
2021-07-30,9452,-12,Francesca Marie♋️,United States,2013-07-22,993,False,Twitter,False,1,Summer,2930,620021.0,106.51,"Viral Vector, mRNA"
2021-07-29,10727,3,Jim Harris,Canada,2008-06-09,263174,True,Twitter,False,0,Summer,4798,288087.0,128.8,"Viral Vector, mRNA"
2021-07-24,8603,-3,The Funk Noobiest Dentist - UP ONLY -,United States,2018-08-31,630,False,Twitter,False,0,Summer,1058,556653.0,105.34,"Viral Vector, mRNA"
2021-07-27,9719,25,Nicholas Chrimes,Australia,2009-03-15,6667,True,Twitter,False,1,Summer,4517,161013.0,44.87,"Viral Vector, mRNA"
2021-07-15,8603,-2,Jennifer Kilkenny 🤓,United States,2012-01-20,1320,False,Twitter,False,-1,Summer,3464,481225.0,103.86,"Viral Vector, mRNA"
2021-07-10,7816,-9,Tim Keen,United States,2015-09-23,192,False,Twitter,False,-1,Summer,2117,457342.0,103.16,"Viral Vector, mRNA"
2021-07-19,7002,-5,Daz Wildman,United States,2014-08-11,961,False,Twitter,False,0,Summer,2534,489365.0,104.41,"Viral Vector, mRNA"
2021-07-30,9452,-12,Ujima Radio 98fm,United States,2011-03-28,8955,True,Twitter,False,1,Summer,3777,620021.0,106.51,"Viral Vector, mRNA"
2021-07-15,8603,-2,𝓢𝓹𝓸𝓸𝓷𝓲𝓮 𝓝𝓾𝓻𝓼𝓮,United States,2016-05-13,869,False,Twitter,False,1,Summer,1889,481225.0,103.86,"Viral Vector, mRNA"
2021-07-27,9719,25,Kake Waheguru,United States,2010-03-28,131,False,Twitter,False,1,Summer,4139,584819.0,105.83,"Viral Vector, mRNA"
2021-07-05,6477,0,N ₇ ✦,Greece,2018-06-23,60,False,Twitter,False,1,Summer,1108,85683.0,84.87,"Viral Vector, mRNA"
2021-07-22,9045,3,Jᴜᴀɴ Cʀᴜᴢ Lᴀɴᴅᴏɴɪ,United States,2017-09-29,1243,False,Twitter,False,1,Summer,1392,530147.0,104.98,"Viral Vector, mRNA"
2021-07-30,9452,-12,Coventry and Warwickshire Partnership NHS Trust,United Kingdom,2011-12-05,3934,True,smarterqueue,False,1,Summer,3525,200188.0,124.46,"Viral Vector, mRNA"
2021-07-30,9452,-12,The CEO Magazine,Australia,2013-04-18,6774,False,hootsuite inc.,False,0,Summer,3025,171220.0,47.35,"Viral Vector, mRNA"
2021-07-18,7350,-2,Yemane,United States,2021-02-03,213,False,Twitter,False,-1,Summer,165,482520.0,104.24,"Viral Vector, mRNA"
2021-07-12,6661,-3,charliefrancis,United States,2020-11-23,548,False,Twitter,False,-1,Summer,231,498804.0,103.38,"Viral Vector, mRNA"
2021-07-30,9452,-12,yogi vedd,United States,2016-02-15,185,False,Twitter,False,-1,Summer,1992,620021.0,106.51,"Viral Vector, mRNA"
2021-07-10,7816,-9,Montoya,United States,2010-06-18,256,False,Twitter,False,1,Summer,4040,457342.0,103.16,"Viral Vector, mRNA"
2021-07-18,7350,-2,👕 NerdKeyz,United Kingdom,2014-02-07,81,False,Twitter,False,1,Summer,2718,231131.0,120.83,"Viral Vector, mRNA"
2021-07-29,10727,3,Dil Khosa,United States,2011-10-28,1362,False,Twitter,False,1,Summer,3562,607537.0,106.26,"Viral Vector, mRNA"
2021-07-19,7002,-5,Dan Dan the vax free man ❤,United States,2017-01-13,210,False,Twitter,False,-1,Summer,1648,489365.0,104.41,"Viral Vector, mRNA"
2021-07-29,10727,3,dipa Ahuja,India,2012-08-23,1571,False,Twitter,False,0,Summer,3262,4659532.0,32.73,"Other, Viral Vector"
2021-07-22,9045,3,Emma-Jayne,United States,2011-02-14,1012,False,Twitter,False,1,Summer,3811,530147.0,104.98,"Viral Vector, mRNA"
2021-07-26,7748,7,Vintage Rita  Rose,United States,2012-07-06,41,False,Twitter,False,1,Summer,3307,570913.0,105.61,"Viral Vector, mRNA"
2021-07-14,8794,8,S P I C i n e m a s,India,2012-11-01,160668,True,Twitter,False,0,Summer,3177,4752818.0,28.09,"Other, Viral Vector"
2021-07-04,6459,-14,Tara Of Ireland 🇮🇪🇪🇺🇵🇸🇧🇭🇾🇪🇨🇴🇪🇬🇹🇷,United States,2009-04-27,4738,False,Twitter,False,1,Summer,4451,492014.0,102.21,"Viral Vector, mRNA"
2021-07-23,8894,-2,Jojo Al.Ageel☽☾,Saudi Arabia,2009-11-22,128,False,Twitter,False,1,Summer,4261,296922.0,67.93,"Viral Vector, mRNA"
2021-07-27,9719,25,Kristine Anne Canidae is vaccinated🐶,United States,2012-03-12,249,False,Twitter,False,1,Summer,3424,584819.0,105.83,"Viral Vector, mRNA"
2021-07-28,10416,7,Timothy Pehrson,United States,2015-04-03,396,False,Twitter,False,1,Summer,2308,597481.0,106.04,"Viral Vector, mRNA"
2021-07-16,8770,2,Kix Belen,United States,2015-09-16,8,False,Twitter,False,0,Summer,2130,480182.0,104.05,"Viral Vector, mRNA"
2021-07-28,10416,7,Swipes,United States,2018-10-07,24,False,Twitter,False,0,Summer,1025,597481.0,106.04,"Viral Vector, mRNA"
2021-07-13,8173,23,That Ibiza Guy®,Spain,2015-08-13,2257,False,Twitter,False,1,Summer,2161,525389.0,104.63,"Viral Vector, mRNA"
2021-07-05,6477,0,Áine Allardyce,United States,2011-12-08,1814,False,Twitter,False,1,Summer,3497,469585.0,102.33,"Viral Vector, mRNA"
2021-07-28,10416,7,Gabby,United States,2021-04-07,0,False,Twitter,False,0,Summer,112,597481.0,106.04,"Viral Vector, mRNA"
2021-07-21,8749,2,Shramana Sarkar,Canada,2019-10-13,102,False,Twitter,False,0,Summer,647,363517.0,122.5,"Viral Vector, mRNA"
2021-07-29,10727,3,1969,United Kingdom,2012-09-02,15,False,Twitter,False,-1,Summer,3252,203687.0,124.15,"Viral Vector, mRNA"
2021-07-21,8749,2,@Grokoest,United States,2011-02-07,37,False,Twitter,False,-1,Summer,3817,514625.0,104.78,"Viral Vector, mRNA"
2021-07-16,8770,2,Dr. Andrew Winegarner,United States,2013-09-10,1262,False,Twitter,False,0,Summer,2866,480182.0,104.05,"Viral Vector, mRNA"
2021-07-27,9719,25,Gammie Speaks,United States,2021-05-27,23,False,Twitter,False,0,Summer,61,584819.0,105.83,"Viral Vector, mRNA"
2021-07-19,7002,-5,Jonathan Hall,Norway,2010-04-26,1348,False,Twitter,False,-1,Summer,4102,32080.0,90.63,mRNA
2021-07-30,9452,-12,EMG GOLD,United States,2014-02-25,1814,False,Twitter,False,0,Summer,2712,620021.0,106.51,"Viral Vector, mRNA"
2021-07-21,8749,2,Tarun Bhatnagar,India,2013-04-14,479,False,Twitter,False,1,Summer,3020,3787237.0,29.99,"Other, Viral Vector"
2021-07-27,9719,25,Paul Bibo,Australia,2011-10-17,58,False,Twitter,False,1,Summer,3571,161013.0,44.87,"Viral Vector, mRNA"
2021-07-17,7519,-14,@TeamTrump,United States,2013-06-02,1188,False,Twitter,False,-1,Summer,2967,480051.0,104.17,"Viral Vector, mRNA"
2021-07-18,7350,-2,Talia H. Swartz,United States,2012-04-25,1654,False,Twitter,False,1,Summer,3371,482520.0,104.24,"Viral Vector, mRNA"
2021-07-23,8894,-2,(37-17)🔔 President elect PikachuNeFesh 💨⚡️,United States,2018-03-04,51,False,Twitter,False,1,Summer,1237,547618.0,105.2,"Viral Vector, mRNA"
2021-07-18,7350,-2,Amanuel Demoze,France,2020-12-28,361,False,Twitter,False,-1,Summer,202,619795.0,97.34,"Viral Vector, mRNA"
2021-07-29,10727,3,Lighting Amps ca. 1994,United States,2016-11-01,0,False,Twitter,False,-1,Summer,1731,607537.0,106.26,"Viral Vector, mRNA"
2021-07-02,8634,2,99% Atoms-H-N-C-O,United States,2009-11-09,529,False,Twitter,False,1,Summer,4253,543254.0,102.08,"Viral Vector, mRNA"
2021-07-05,6477,0,Michael Bahrami-Hessari,United States,2019-04-11,150,False,Twitter,False,1,Summer,816,469585.0,102.33,"Viral Vector, mRNA"
2021-07-02,8634,2,Omar Din,United Kingdom,2009-05-16,619,False,Twitter,False,1,Summer,4430,316401.0,115.17,"Viral Vector, mRNA"
2021-07-23,8894,-2,Rabi Hanna,United States,2015-04-17,2049,False,Twitter,False,1,Summer,2289,547618.0,105.2,"Viral Vector, mRNA"
2021-07-02,8634,2,Mark MacLean,Canada,2010-02-24,659,False,Twitter,False,0,Summer,4146,533323.0,101.54,"Viral Vector, mRNA"
2021-07-08,8978,5,"Ami Avraham, CPA",United States,2018-08-01,221,False,Twitter,False,0,Summer,1072,449322.0,102.85,"Viral Vector, mRNA"
2021-07-01,8444,-5,Mitali Desai,Australia,2010-05-28,37,False,Twitter,False,0,Summer,4052,112889.0,30.74,"Viral Vector, mRNA"
2021-07-01,8444,-5,Downtown Surrey BIA,Canada,2010-06-09,4568,False,Twitter,False,0,Summer,4040,526827.0,100.05,"Viral Vector, mRNA"
2021-07-17,7519,-14,NOT ONE MORE COVID!,United States,2018-08-23,1864,False,Twitter,False,-1,Summer,1059,480051.0,104.17,"Viral Vector, mRNA"
2021-08-21,10256,-6,REALIST💉😷💉,United States,2009-06-27,3054,False,Twitter,False,0,Summer,4438,837292.0,111.42,"Viral Vector, mRNA"
2021-08-25,12010,7,HT Gurugram,India,2013-05-16,25674,True,TweetDeck,False,0,Summer,3023,5110246.0,42.91,"Other, Viral Vector"
2021-08-03,10282,18,Rick the Democrat,United States,2020-12-19,5146,False,Twitter,False,-1,Summer,227,656795.0,107.21,"Viral Vector, mRNA"
2021-08-02,8736,6,Tony Bennett,United States,2019-02-24,525,False,Twitter,False,1,Summer,890,648111.0,106.98,"Viral Vector, mRNA"
2021-08-05,10619,3,Katya's Compass (Dreamtime Aquarium) ⚖,France,2017-10-27,2608,False,Twitter,False,-1,Summer,1378,544993.0,114.53,"Viral Vector, mRNA"
2021-08-14,9582,-11,S.Feero,United States,2018-12-29,506,False,Twitter,False,-1,Summer,959,725128.0,109.65,"Viral Vector, mRNA"
2021-08-20,10911,-6,Ashwin Rajenesh,India,2013-01-31,399,False,Twitter,False,1,Summer,3123,5287937.0,41.14,"Other, Viral Vector"
2021-08-24,11176,33,Stephanie Rhodes,United States,2010-07-29,365,False,Twitter,False,1,Summer,4044,846940.0,112.1,"Viral Vector, mRNA"
2021-08-14,9582,-11,Walking Sticks and Fireflies,United States,2019-10-04,1027,False,Twitter,False,-1,Summer,680,725128.0,109.65,"Viral Vector, mRNA"
2021-08-23,8384,-8,Lynnette Sylvestre,United States,2014-08-16,10,False,Twitter,False,0,Summer,2564,843147.0,111.81,"Viral Vector, mRNA"
2021-08-15,9145,-5,Casey Adam F.,United States,2016-09-12,46,False,Twitter,False,-1,Summer,1798,732136.0,109.77,"Viral Vector, mRNA"
2021-08-16,8499,-7,Sara Radivan,United States,2011-02-23,547,False,Twitter,False,1,Summer,3827,744658.0,110.04,"Viral Vector, mRNA"
2021-08-09,8631,-4,Sarvodaya Healthcare,India,2013-08-23,634,False,Twitter,False,1,Summer,2908,5106452.0,36.92,"Other, Viral Vector"
2021-08-07,9740,-6,ɪɴꜱɪᴅᴇ ꜰᴏʀᴡᴀʀᴅ,United States,2020-01-19,184,False,Twitter,False,1,Summer,566,691964.0,108.12,"Viral Vector, mRNA"
2021-08-05,10619,3,Hrag Dilabazian 1/2 💉🦠,Lebanon,2017-11-23,42,False,Twitter,False,1,Summer,1351,17911.0,30.33,"Inactivated, Viral Vector, mRNA"
2021-08-18,11174,5,Madhur Nigam,India,2012-12-28,321,False,Twitter,False,0,Summer,3155,5497214.0,40.34,"Other, Viral Vector"
2021-08-17,10596,25,"Kevin M. Baumlin, M.D",United States,2021-01-09,184,False,Twitter,False,1,Summer,220,762410.0,110.31,"Viral Vector, mRNA"
2021-08-04,10309,0,Janab G,United States,2012-03-06,26,False,Twitter,False,1,Summer,3438,665028.0,107.44,"Viral Vector, mRNA"
2021-08-13,10714,-4,djwibd,United States,2020-12-30,51,False,Twitter,False,0,Summer,226,715541.0,109.46,"Viral Vector, mRNA"
2021-08-26,11512,-4,Samantha Morgan Silverstein,United States,2010-09-21,879,False,Twitter,False,1,Summer,3992,855430.0,112.69,"Viral Vector, mRNA"
2021-08-22,9136,-11,⚔CMDR Paylor(CP) - Actions Have Consequences ⚔,United States,2017-06-14,19911,False,Twitter,False,1,Summer,1530,836033.0,111.54,"Viral Vector, mRNA"
2021-08-17,10596,25,Wambui Kristie,United Kingdom,2021-01-04,378,False,Twitter,False,0,Summer,225,204568.0,129.61,"Viral Vector, mRNA"
2021-08-09,8631,-4,Gaurav Sharma,United Kingdom,2013-01-20,2799,False,Twitter,False,1,Summer,3123,192906.0,127.23,"Viral Vector, mRNA"
2021-08-17,10596,25,"Valerie A. Fitzhugh, MD",United States,2010-01-02,30340,True,Twitter,False,1,Summer,4245,762410.0,110.31,"Viral Vector, mRNA"
2021-08-02,8736,6,MoreLife,United Kingdom,2011-09-13,1930,False,Twitter,False,1,Summer,3611,196366.0,125.25,"Viral Vector, mRNA"
2021-08-18,11174,5,𝒂𝒏𝒈𝒆𝒍 🥀,United States,2016-11-13,1032,False,Twitter,False,0,Summer,1739,788624.0,110.6,"Viral Vector, mRNA"
2021-08-25,12010,7,John Kahl,United States,2015-09-05,7,False,Twitter,False,-1,Summer,2181,848911.0,112.39,"Viral Vector, mRNA"
2021-08-02,8736,6,Tamara Lashchyk,United States,2020-05-17,161,False,Twitter,False,0,Summer,442,648111.0,106.98,"Viral Vector, mRNA"
2021-08-02,8736,6,Steven Kerr,Canada,2009-04-27,804,False,Twitter,False,-1,Summer,4480,214669.0,130.58,"Viral Vector, mRNA"
2021-08-02,8736,6,Barbs world☕,United States,2008-05-13,729,False,Twitter,False,0,Summer,4829,648111.0,106.98,"Viral Vector, mRNA"
2021-08-26,11512,-4,Chudhary 🇵🇰 Abbas Ali,United States,2021-07-06,4,False,Twitter,False,0,Summer,51,855430.0,112.69,"Viral Vector, mRNA"
2021-08-24,11176,33,Dan Flashes Stockholder,United States,2011-02-22,91,False,Twitter,False,-1,Summer,3836,846940.0,112.1,"Viral Vector, mRNA"
2021-08-23,8384,-8,"🇺🇲 🎥Frankie Say, Vaccinate!🍿🏳️‍🌈",United States,2010-09-22,2786,False,Twitter,False,1,Summer,3988,843147.0,111.81,"Viral Vector, mRNA"
2021-08-06,10395,-2,Vinayak Raghunath,United States,2018-11-03,0,False,Twitter,False,0,Summer,1007,685800.0,107.96,"Viral Vector, mRNA"
2021-08-05,10619,3,Carla JS,Australia,2009-03-16,1125,False,Twitter,False,1,Summer,4525,183158.0,51.5,"Viral Vector, mRNA"
2021-08-20,10911,-6,OrphGaming - Cryptids League,United States,2020-04-27,56,False,Twitter,False,1,Summer,480,831479.0,111.22,"Viral Vector, mRNA"
2021-08-03,10282,18,Lesley Ann,Philippines,2016-05-10,78,False,Twitter,False,1,Summer,1911,710476.0,20.25,"Inactivated, Viral Vector, mRNA"
2021-08-07,9740,-6,WBBZ-TV,United States,2010-12-08,3908,False,Twitter,False,1,Summer,3895,691964.0,108.12,"Viral Vector, mRNA"
2021-08-19,11639,4,Portea Medical,India,2012-04-14,4175,False,Twitter,False,1,Summer,3414,5237892.0,40.66,"Other, Viral Vector"
2021-08-16,8499,-7,Ankol Lee™,United States,2013-10-04,1141,False,Twitter,False,0,Summer,2873,744658.0,110.04,"Viral Vector, mRNA"
2021-08-05,10619,3,M. Blankenship,United States,2018-10-09,626,False,Twitter,False,-1,Summer,1031,675335.0,107.68,"Viral Vector, mRNA"
2021-08-18,11174,5,Mohammad Ally,United States,2013-02-09,133,False,Twitter,False,0,Summer,3112,788624.0,110.6,"Viral Vector, mRNA"
2021-08-02,8736,6,knicks_knightmares,United States,2018-05-11,184,False,Twitter,False,-1,Summer,1179,648111.0,106.98,"Viral Vector, mRNA"
2021-08-03,10282,18,Emily Ryan,United States,2015-07-20,332,False,Twitter,False,1,Summer,2206,656795.0,107.21,"Viral Vector, mRNA"
2021-08-09,8631,-4,VainePaine 🏳️‍🌈,United Kingdom,2012-03-18,514,False,Twitter,False,1,Summer,3431,192906.0,127.23,"Viral Vector, mRNA"
2021-08-20,10911,-6,M. H. Howard,United States,2017-03-14,246,False,Twitter,False,1,Summer,1620,831479.0,111.22,"Viral Vector, mRNA"
2021-08-24,11176,33,Rahul Jain,India,2012-04-22,2903,False,Twitter,False,0,Summer,3411,4601598.0,42.25,"Other, Viral Vector"
2021-08-03,10282,18,Shane #ALLIN 🇺🇸,United States,2015-02-14,1889,False,Twitter,False,1,Summer,2362,656795.0,107.21,"Viral Vector, mRNA"
2021-08-24,11176,33,"Aaron Shapiro, MD, MPH, EDAC",United States,2010-07-21,361,False,Twitter,False,1,Summer,4052,846940.0,112.1,"Viral Vector, mRNA"
2021-08-20,10911,-6,aaron,United States,2011-11-01,341,False,Twitter,False,-1,Summer,3580,831479.0,111.22,"Viral Vector, mRNA"
2021-08-26,11512,-4,Kriti Neupane,Nepal,2019-10-17,7,False,Twitter,False,-1,Summer,679,58536.0,30.11,"Inactivated, Viral Vector, mRNA"
2021-08-09,8631,-4,🌈🏳️‍⚧️ A.C. Aubrey Esq ~BLM VOTE,United Kingdom,2008-12-10,1465,False,Twitter,False,1,Summer,4625,192906.0,127.23,"Viral Vector, mRNA"
2021-08-22,9136,-11,Dr. Roy Health Solns Clinic,India,2018-10-11,11,False,Twitter,False,1,Summer,1046,4798380.0,41.68,"Other, Viral Vector"
2021-08-14,9582,-11,Steven Schram,United States,2009-04-07,62,False,Twitter,False,1,Summer,4512,725128.0,109.65,"Viral Vector, mRNA"
2021-08-17,10596,25,Noah🔸,United States,2018-09-20,173,False,Twitter,False,1,Summer,1062,762410.0,110.31,"Viral Vector, mRNA"
2021-08-07,9740,-6,salihinnaqib,United States,2014-04-29,143,False,Instagram,False,0,Summer,2657,691964.0,108.12,"Viral Vector, mRNA"
2021-08-17,10596,25,Dr. Jennifer Hoewe,United States,2011-04-29,999,False,Twitter,False,1,Summer,3763,762410.0,110.31,"Viral Vector, mRNA"
2021-08-07,9740,-6,"Tolga Turgut, PhD",United States,2011-09-09,231,False,Twitter,False,-1,Summer,3620,691964.0,108.12,"Viral Vector, mRNA"
2021-08-22,9136,-11,Lynn Arditi,United States,2012-07-26,2636,False,Twitter,False,1,Summer,3314,836033.0,111.54,"Viral Vector, mRNA"
2021-08-25,12010,7,Suzian Star,United States,2009-01-09,156,False,Twitter,False,-1,Summer,4611,848911.0,112.39,"Viral Vector, mRNA"
2021-08-17,10596,25,"Heather RN, BSN, RNC-OB",United States,2013-03-07,102,False,Twitter,False,0,Summer,3085,762410.0,110.31,"Viral Vector, mRNA"
2021-08-05,10619,3,Krystyne🇺🇲Nycole,United States,2011-01-10,256,False,Twitter,False,1,Summer,3860,675335.0,107.68,"Viral Vector, mRNA"
2021-08-04,10309,0,DaNice D. Marshall,United States,2014-03-27,7864,False,Twitter,False,1,Summer,2687,665028.0,107.44,"Viral Vector, mRNA"
2021-08-05,10619,3,Ed Domansky,United States,2009-04-10,290,False,Twitter,False,0,Summer,4500,675335.0,107.68,"Viral Vector, mRNA"
2021-08-16,8499,-7,Ofir Gendelman,United States,2011-04-17,99544,True,Twitter,False,1,Summer,3774,744658.0,110.04,"Viral Vector, mRNA"
2021-08-16,8499,-7,RHIhub,United States,2009-04-20,4001,False,TweetDeck,False,1,Summer,4501,744658.0,110.04,"Viral Vector, mRNA"
2021-08-03,10282,18,the10thman,South Africa,2012-11-22,3244,False,Twitter,False,1,Summer,3176,161022.0,13.29,"Viral Vector, mRNA"
2021-08-19,11639,4,Sarah Aslam,United States,2017-03-27,58020,True,Twitter,False,1,Summer,1606,808778.0,110.88,"Viral Vector, mRNA"
2021-08-16,8499,-7,Dr Amanda Oliver,United States,2019-02-20,359,False,Twitter,False,1,Summer,908,744658.0,110.04,"Viral Vector, mRNA"
2021-08-07,9740,-6,tikuli,India,2009-01-05,2799,False,Twitter,False,-1,Summer,4597,5705633.0,36.37,"Other, Viral Vector"
2021-08-21,10256,-6,Peed off Lady V 🌸🇬🇧⚖✝️,United States,2009-02-05,812,False,Twitter,False,-1,Summer,4580,837292.0,111.42,"Viral Vector, mRNA"
2021-08-04,10309,0,Kathryn Pietrosimone,United States,2009-10-01,180,False,Twitter,False,1,Summer,4325,665028.0,107.44,"Viral Vector, mRNA"
2021-08-24,11176,33,1 Star General Deplorable,United States,2021-04-28,2402,False,Twitter,False,-1,Summer,118,846940.0,112.1,"Viral Vector, mRNA"
2021-08-07,9740,-6,Covid Myth Busters 19,United Kingdom,2021-07-27,28,False,Twitter,False,-1,Summer,11,189673.0,126.77,"Viral Vector, mRNA"
2021-08-14,9582,-11,Dwayne Culler,United States,2009-04-25,87,False,Twitter,False,-1,Summer,4494,725128.0,109.65,"Viral Vector, mRNA"
2021-08-09,8631,-4,Megan McGibney,United States,2012-11-13,632,False,Twitter,False,1,Summer,3191,704111.0,108.47,"Viral Vector, mRNA"
2021-08-04,10309,0,Tom Bennett,United Kingdom,2009-03-26,397,False,Twitter,False,-1,Summer,4514,191935.0,125.8,"Viral Vector, mRNA"
2021-08-19,11639,4,Steffy Thevar,India,2014-02-19,2364,False,Twitter,False,-1,Summer,2738,5237892.0,40.66,"Other, Viral Vector"
2021-08-07,9740,-6,Issa,Australia,2011-03-13,235,False,Twitter,False,1,Summer,3800,191284.0,53.02,"Viral Vector, mRNA"
2021-08-02,8736,6,Jobananar,United States,2021-07-24,7,False,Twitter,False,-1,Summer,9,648111.0,106.98,"Viral Vector, mRNA"
2021-08-04,10309,0,TalkSusanRadio,United States,2021-05-15,129,False,Twitter,False,-1,Summer,81,665028.0,107.44,"Viral Vector, mRNA"
2021-08-09,8631,-4,Mediakarann,India,2016-06-04,18919,False,Twitter,False,1,Summer,1892,5106452.0,36.92,"Other, Viral Vector"
2021-08-17,10596,25,Eric Kenney (They/Them),United States,2018-05-27,1488,False,Twitter,False,0,Summer,1178,762410.0,110.31,"Viral Vector, mRNA"
2021-08-04,10309,0,Arturo E. Osorio (He/Him/His/El),United States,2013-03-24,907,False,Twitter,False,-1,Summer,3055,665028.0,107.44,"Viral Vector, mRNA"
2021-08-03,10282,18,Vance Ginn,United States,2013-08-16,3396,False,Twitter,False,1,Summer,2909,656795.0,107.21,"Viral Vector, mRNA"
2021-08-19,11639,4,Nirmal K. Kularathne,United States,2019-12-01,126,False,Twitter,False,-1,Summer,627,808778.0,110.88,"Viral Vector, mRNA"
2021-08-21,10256,-6,Foundation of Healthcare Technologies Society,India,2012-05-29,339,False,Twitter,False,-1,Summer,3371,4645647.0,41.36,"Other, Viral Vector"
2021-08-20,10911,-6,Haynes Lab,United States,2019-12-12,299,False,Twitter,False,1,Summer,617,831479.0,111.22,"Viral Vector, mRNA"
2021-08-25,12010,7,🇨🇦🍁Cheryl X2 Vaccinated🍁🇨🇦CANADA🍁🇨🇦,Canada,2013-12-27,21205,False,Twitter,False,1,Summer,2798,112210.0,139.05,"Viral Vector, mRNA"
2021-08-09,8631,-4,Joseph N Macaluso MD FACS,United States,2015-05-14,1813,False,Twitter,False,0,Summer,2279,704111.0,108.47,"Viral Vector, mRNA"
2021-08-24,11176,33,Time Traveler,United States,2009-11-01,266,False,Twitter,False,-1,Summer,4314,846940.0,112.1,"Viral Vector, mRNA"
2021-08-05,10619,3,Dan Graur,United States,2013-02-21,3782,False,Twitter,False,1,Summer,3087,675335.0,107.68,"Viral Vector, mRNA"
2021-08-04,10309,0,Jim O'Hagan,United States,2009-06-09,77,False,Twitter,False,-1,Summer,4439,665028.0,107.44,"Viral Vector, mRNA"
2021-08-24,11176,33,Alabama Vaccine Confidence Network,United States,2021-07-01,15,False,hootsuite inc.,False,1,Summer,54,846940.0,112.1,"Viral Vector, mRNA"
2021-08-15,9145,-5,Cracked Attic,United States,2017-12-23,21,False,Twitter,False,1,Summer,1331,732136.0,109.77,"Viral Vector, mRNA"
2021-08-17,10596,25,Austyn Goveas,India,2017-05-12,78,False,Twitter,False,0,Summer,1558,5348542.0,39.94,"Other, Viral Vector"
2021-08-20,10911,-6,Thaer Idrees,United States,2019-10-23,16,False,Twitter,False,-1,Summer,667,831479.0,111.22,"Viral Vector, mRNA"
2021-08-04,10309,0,YourNewsUKtv,United Kingdom,2010-11-01,2049,False,Twitter,False,1,Summer,3929,191935.0,125.8,"Viral Vector, mRNA"
2021-08-07,9740,-6,Browneyedgrl71,United States,2009-06-26,130,False,Twitter,False,-1,Summer,4425,691964.0,108.12,"Viral Vector, mRNA"
2021-08-04,10309,0,andres r,United States,2012-12-14,30,False,Twitter,False,1,Summer,3155,665028.0,107.44,"Viral Vector, mRNA"
2021-08-22,9136,-11,Julia Raga,United States,2013-01-21,263,False,Twitter,False,-1,Summer,3135,836033.0,111.54,"Viral Vector, mRNA"
2021-08-20,10911,-6,MontefioreEndo,United States,2020-01-29,193,False,Twitter,False,1,Summer,569,831479.0,111.22,"Viral Vector, mRNA"
2021-08-23,8384,-8,Alice in Wonderland ☮️💖🤗,United States,2017-01-29,154,False,Twitter,False,1,Summer,1667,843147.0,111.81,"Viral Vector, mRNA"
2021-08-14,9582,-11,Sarmad Fraz,United States,2014-10-22,31,False,Twitter,False,1,Summer,2488,725128.0,109.65,"Viral Vector, mRNA"
2021-08-19,11639,4,Lois M. Collins,United States,2009-03-06,1315,True,Twitter,False,0,Summer,4549,808778.0,110.88,"Viral Vector, mRNA"
2021-08-24,11176,33,🌊🍊 Teresa 🍊🌊 Wildlife Rehabber 🌊 🚫DM's,United States,2009-04-07,10514,False,Twitter,False,0,Summer,4522,846940.0,112.1,"Viral Vector, mRNA"
2021-08-14,9582,-11,NeanderthalCowboy🇺🇸🇮🇱,United States,2015-10-23,1570,False,Twitter,False,1,Summer,2122,725128.0,109.65,"Viral Vector, mRNA"
2021-08-03,10282,18,oceanswims,Australia,2009-04-01,2543,False,Twitter,False,1,Summer,4507,178238.0,49.71,"Viral Vector, mRNA"
2021-08-03,10282,18,laura mitchell,United States,2014-05-12,2227,False,Twitter,False,0,Summer,2640,656795.0,107.21,"Viral Vector, mRNA"
2021-08-26,11512,-4,Venny Sintya II,Indonesia,2018-12-29,136,False,Twitter,False,1,Summer,971,909961.0,33.57,"Inactivated, Other, Viral Vector, mRNA"
2021-08-17,10596,25,Psilocybin (Vaxxed Magic Mushrooms),United States,2018-09-19,2259,False,Twitter,False,0,Summer,1063,762410.0,110.31,"Viral Vector, mRNA"
2021-08-19,11639,4,Anchor Counselling,United Kingdom,2020-03-04,490,False,Twitter,False,0,Summer,533,203893.0,130.26,"Viral Vector, mRNA"
2021-08-04,10309,0,Rahul Agarwal 🇮🇳,India,2016-06-27,64,False,Twitter,False,1,Summer,1864,5519434.0,35.12,"Other, Viral Vector"
2021-08-05,10619,3,Dr. Brendan O'Shea,United States,2011-11-04,1962,False,Twitter,False,-1,Summer,3562,675335.0,107.68,"Viral Vector, mRNA"
2021-08-23,8384,-8,GeneOnline,United States,2017-07-24,4706,False,Twitter,False,1,Summer,1491,843147.0,111.81,"Viral Vector, mRNA"
2021-08-03,10282,18,Alaska,United States,2009-08-13,29,False,Twitter,False,-1,Summer,4373,656795.0,107.21,"Viral Vector, mRNA"
2021-08-04,10309,0,CK,United States,2012-08-08,12,False,Twitter,False,1,Summer,3283,665028.0,107.44,"Viral Vector, mRNA"
2021-08-04,10309,0,Rich Teixeira,United States,2011-04-15,216,False,Twitter,False,0,Summer,3764,665028.0,107.44,"Viral Vector, mRNA"
2021-08-02,8736,6,South Carolina Solidarity Party 🧡,United States,2020-07-09,165,False,Twitter,False,-1,Summer,389,648111.0,106.98,"Viral Vector, mRNA"
2021-08-04,10309,0,mairao,Portugal,2020-06-16,69,False,Twitter,False,1,Summer,414,86521.0,123.51,"Viral Vector, mRNA"
2021-08-03,10282,18,Coach,United States,2011-02-18,81,False,TweetDeck,False,0,Summer,3819,656795.0,107.21,"Viral Vector, mRNA"
2021-08-03,10282,18,SeaHedge,Singapore,2021-03-18,586,False,Twitter,False,0,Summer,138,65941.0,142.81,"Inactivated, mRNA"
2021-08-21,10256,-6,Dan Ogunshakin,Singapore,2009-08-01,1385,False,Twitter,False,1,Summer,4403,24922.0,157.58,"Inactivated, mRNA"
2021-08-05,10619,3,Dr. Satwant Singh,United Kingdom,2015-10-09,479,False,Twitter,False,-1,Summer,2127,189924.0,126.1,"Viral Vector, mRNA"
2021-08-02,8736,6,Professor Anthony Rees,United States,2020-09-22,25,False,Twitter,False,1,Summer,314,648111.0,106.98,"Viral Vector, mRNA"
2021-09-07,9486,19,Public Health Agency,United States,2009-08-11,30420,True,Twitter,False,1,Fall,4410,697492.0,115.41,"Viral Vector, mRNA"
2021-09-07,9486,19,Salford Royal NHS,United Kingdom,2011-07-15,21542,True,hootsuite inc.,False,1,Fall,3707,134641.0,134.8,"Viral Vector, mRNA"
2021-09-07,9486,19,Omkar Anwes,India,2017-04-02,64,False,Twitter,False,0,Fall,1619,7838454.0,50.21,"Other, Viral Vector"
2021-09-08,10267,8,MikeMavNGoose #NoVaxPassports #NoMasks,United States,2021-04-20,1710,False,Twitter,False,-1,Fall,141,684294.0,115.67,"Viral Vector, mRNA"
2021-09-08,10267,8,Emily Earnhart,United States,2014-02-24,70,False,Twitter,False,-1,Fall,2753,684294.0,115.67,"Viral Vector, mRNA"
2021-09-08,10267,8,Alfonso Acevedo,Canada,2013-11-12,317,False,Twitter,False,-1,Fall,2857,81530.0,142.36,"Viral Vector, mRNA"
2021-09-08,10267,8,Matt Peacock,United States,2016-06-15,245,False,Twitter,False,1,Fall,1911,684294.0,115.67,"Viral Vector, mRNA"
2021-09-07,9486,19,𝕿𝖍𝖔𝖒𝖆𝖘·王 🍁 #FullyVaccinated,Canada,2012-01-26,1350,False,Twitter,False,0,Fall,3512,83428.0,142.13,"Viral Vector, mRNA"
2021-09-08,10267,8,Jason Asselin,Australia,2008-05-22,381,False,Twitter,False,1,Fall,4857,259775.0,84.58,"Viral Vector, mRNA"
2021-09-08,10267,8,#truecrime,United States,2018-01-01,137,False,Twitter,False,0,Fall,1346,684294.0,115.67,"Viral Vector, mRNA"
2021-09-08,10267,8,Darian Meacham,Belgium,2012-06-03,1121,False,Twitter,False,1,Fall,3384,16774.0,141.44,"Viral Vector, mRNA"
2021-09-07,9486,19,EcoSocialist Comrade 🌈🌹☯️🗽🕉🌍⚛,United States,2009-04-19,6828,False,Twitter,False,0,Fall,4524,697492.0,115.41,"Viral Vector, mRNA"
2021-09-08,10267,8,Vol Action Islington,United Kingdom,2010-04-23,3674,False,Twitter,False,-1,Fall,4156,128301.0,134.96,"Viral Vector, mRNA"
2021-09-07,9486,19,Daryl Purdie,United States,2009-04-02,15022,False,Twitter,False,1,Fall,4541,697492.0,115.41,"Viral Vector, mRNA"
2021-09-07,9486,19,हिंदी MEDIUM,India,2020-06-14,14,False,Twitter,False,1,Fall,450,7838454.0,50.21,"Other, Viral Vector"
2021-09-08,10267,8,Carley Tonoli,Australia,2018-01-25,532,False,Twitter,False,0,Fall,1322,259775.0,84.58,"Viral Vector, mRNA"
2021-09-07,9486,19,Adrian,United States,2012-02-20,77,False,Twitter,False,0,Fall,3487,697492.0,115.41,"Viral Vector, mRNA"
2021-09-08,10267,8,Dr Niranjan Setty,United Kingdom,2012-07-20,2526,False,Twitter,False,1,Fall,3337,128301.0,134.96,"Viral Vector, mRNA"
2021-09-07,9486,19,Barely a Genius,United States,2014-01-12,32,False,Twitter,False,1,Fall,2795,697492.0,115.41,"Viral Vector, mRNA"
2021-09-07,9486,19,केवल किरण,Nepal,2012-10-07,9824,False,Twitter,False,-1,Fall,3257,116795.0,35.78,"Inactivated, Viral Vector, mRNA"
2021-09-08,10267,8,Nationwide Immigration Services,India,2017-08-29,202,False,Twitter,False,0,Fall,1471,6996271.0,50.99,"Other, Viral Vector"
2021-09-07,9486,19,The Latino Coalition Against COVID-19,United States,2021-02-01,165,False,Twitter,False,1,Fall,218,697492.0,115.41,"Viral Vector, mRNA"
2021-09-08,10267,8,Aman Srivastava,India,2010-02-21,270,False,Twitter,False,0,Fall,4217,6996271.0,50.99,"Other, Viral Vector"
2021-09-07,9486,19,Zoë Wundenberg,Australia,2012-02-02,1614,False,Twitter,False,1,Fall,3505,262504.0,83.37,"Viral Vector, mRNA"
2021-09-08,10267,8,Sporting Excitement,United Kingdom,2019-10-20,171,False,rss masher - dev,False,-1,Fall,689,128301.0,134.96,"Viral Vector, mRNA"
2021-09-07,9486,19,Barb Van Kerkhove,United States,2013-10-14,130,False,Twitter,False,0,Fall,2885,697492.0,115.41,"Viral Vector, mRNA"
2021-09-07,9486,19,Munich Security Conference,United States,2011-12-07,61265,True,Twitter,False,-1,Fall,3562,697492.0,115.41,"Viral Vector, mRNA"
2021-09-08,10267,8,My Musings,United States,2019-06-18,44,False,Twitter,False,1,Fall,813,684294.0,115.67,"Viral Vector, mRNA"
2021-09-08,10267,8,Arra 🏴,United States,2013-03-06,257,False,Twitter,False,1,Fall,3108,684294.0,115.67,"Viral Vector, mRNA"
2021-09-07,9486,19,Anshul Gupta,India,2021-05-19,5,False,Twitter,False,0,Fall,111,7838454.0,50.21,"Other, Viral Vector"
2021-09-07,9486,19,kL€i0,United Kingdom,2020-12-23,156,False,Twitter,False,-1,Fall,258,134641.0,134.8,"Viral Vector, mRNA"
2021-09-07,9486,19,Darrell Dass,United States,2012-04-17,617,False,Twitter,False,-1,Fall,3430,697492.0,115.41,"Viral Vector, mRNA"
2021-09-08,10267,8,Axiom Medical,United States,2011-12-17,677,False,heropost,False,1,Fall,3553,684294.0,115.67,"Viral Vector, mRNA"
2021-09-08,10267,8,PÓCinnéide 🇮🇪,United States,2021-09-01,12,False,Twitter,False,1,Fall,7,684294.0,115.67,"Viral Vector, mRNA"
2021-09-08,10267,8,Yellow Card Queen,United States,2017-01-30,695,False,Twitter,False,-1,Fall,1682,684294.0,115.67,"Viral Vector, mRNA"
2021-09-07,9486,19,Shona P RN 🕷🖐🧼 💙 🌹🏴󠁧󠁢󠁳󠁣󠁴󠁿,United Kingdom,2010-12-19,595,False,Twitter,False,-1,Fall,3915,134641.0,134.8,"Viral Vector, mRNA"
2021-09-08,10267,8,Switzer,Australia,2011-07-13,4838,False,hubspot,False,1,Fall,3710,259775.0,84.58,"Viral Vector, mRNA"
2021-09-08,10267,8,Aegis Council for Policy Research & Innovation,Canada,2020-10-16,7,False,Twitter,False,1,Fall,327,81530.0,142.36,"Viral Vector, mRNA"
2021-09-08,10267,8,Mary Ann Calleja,United States,2014-12-10,2093,False,Twitter,False,0,Fall,2464,684294.0,115.67,"Viral Vector, mRNA"
2021-09-08,10267,8,Ashis Basu,Canada,2012-07-14,8895,False,Twitter,False,1,Fall,3343,81530.0,142.36,"Viral Vector, mRNA"
2021-09-08,10267,8,Pharmacist JaySukh,India,2020-04-28,767,False,Twitter,False,-1,Fall,498,6996271.0,50.99,"Other, Viral Vector"
2021-09-08,10267,8,Q Hussain کمیل,United States,2009-09-11,1244,False,Twitter,False,1,Fall,4380,684294.0,115.67,"Viral Vector, mRNA"
2021-09-08,10267,8,Aeromobix Systems Pvt ltd,India,2017-06-24,6610,False,Twitter,False,0,Fall,1537,6996271.0,50.99,"Other, Viral Vector"
2021-09-08,10267,8,Blkcatgal 🐈‍⬛,United States,2014-01-09,81,False,Twitter,False,-1,Fall,2799,684294.0,115.67,"Viral Vector, mRNA"
2021-09-08,10267,8,B2P 🐕‍🦺🔬🩺🌊🚵🐳🐬💙🏀#MyPresidentBiden🇺🇸💙,United States,2015-05-15,2015,False,Twitter,False,1,Fall,2308,684294.0,115.67,"Viral Vector, mRNA"
2021-09-08,10267,8,Cam Schuster 🇳🇿🇼🇸,United States,2009-08-31,161,False,Twitter,False,-1,Fall,4391,684294.0,115.67,"Viral Vector, mRNA"
2021-09-07,9486,19,Onkar Dhongade,India,2010-05-09,74,False,Twitter,False,-1,Fall,4139,7838454.0,50.21,"Other, Viral Vector"
2021-09-08,10267,8,Dave Watson,United States,2011-02-26,184,False,Twitter,False,1,Fall,3847,684294.0,115.67,"Viral Vector, mRNA"
2021-09-08,10267,8,Bridget Mullahy,Australia,2009-02-13,388,False,Twitter,False,1,Fall,4590,259775.0,84.58,"Viral Vector, mRNA"
2021-09-07,9486,19,RRowe,United States,2021-01-11,132,False,Twitter,False,1,Fall,239,697492.0,115.41,"Viral Vector, mRNA"
2021-09-07,9486,19,Fletchersketche,United States,2020-12-13,42,False,Twitter,False,1,Fall,268,697492.0,115.41,"Viral Vector, mRNA"
2021-09-08,10267,8,Rebecca T. Olul-Hossen,United States,2015-01-27,1542,False,Twitter,False,0,Fall,2416,684294.0,115.67,"Viral Vector, mRNA"
2021-09-08,10267,8,Michaela Reneé,United States,2020-12-13,2,False,Twitter,False,1,Fall,269,684294.0,115.67,"Viral Vector, mRNA"
2021-09-08,10267,8,Oliver Moore,United States,2014-10-06,158,False,Twitter,False,1,Fall,2529,684294.0,115.67,"Viral Vector, mRNA"
2021-09-07,9486,19,🇮🇳 Vishnu Beniwal 🇮🇳,India,2016-07-22,110,False,Twitter,False,0,Fall,1873,7838454.0,50.21,"Other, Viral Vector"
2021-09-07,9486,19,Fantastic marvelous super hiper ultra mega pro,United States,2009-11-03,1906,False,Twitter,False,0,Fall,4326,697492.0,115.41,"Viral Vector, mRNA"
2021-09-07,9486,19,Jules Fernandez🇲🇾,United States,2019-08-20,167,False,Twitter,False,0,Fall,749,697492.0,115.41,"Viral Vector, mRNA"
2021-09-07,9486,19,Ruben Quadros,India,2009-04-24,981,False,Twitter,False,-1,Fall,4519,7838454.0,50.21,"Other, Viral Vector"
2021-09-07,9486,19,Leo McBride,Australia,2017-07-19,9,False,Twitter,False,1,Fall,1511,262504.0,83.37,"Viral Vector, mRNA"
2021-09-08,10267,8,Lauren Stypa-Willis 🌎🧩🌈👩‍👦‍👦🌊,United States,2017-11-14,301,False,Twitter,False,-1,Fall,1394,684294.0,115.67,"Viral Vector, mRNA"
2021-09-08,10267,8,MySplitDecision,United States,2018-06-16,1938,False,Twitter,False,1,Fall,1180,684294.0,115.67,"Viral Vector, mRNA"
2021-09-07,9486,19,My Truth Post🇵🇰🇹🇷,Pakistan,2012-09-29,209,False,Twitter,False,-1,Fall,3265,1112345.0,28.67,"Inactivated, Other, Viral Vector, mRNA"
2021-09-08,10267,8,Truth | Freedom | Hope 🇳🇿🇺🇸,United States,2021-08-05,90,False,Twitter,False,1,Fall,34,684294.0,115.67,"Viral Vector, mRNA"
2021-09-07,9486,19,Howard-Scott Radley,Australia,2010-12-29,15,False,Twitter,False,0,Fall,3905,262504.0,83.37,"Viral Vector, mRNA"
2021-09-08,10267,8,Pranavi Sreeramoju MD MPH MBA,United States,2011-12-25,758,False,Twitter,False,1,Fall,3545,684294.0,115.67,"Viral Vector, mRNA"
2021-09-07,9486,19,Kells,Australia,2011-12-22,270,False,Twitter,False,0,Fall,3547,262504.0,83.37,"Viral Vector, mRNA"
2021-09-07,9486,19,💉💉Vanessa💉💉,Australia,2012-12-12,961,False,Twitter,False,-1,Fall,3191,262504.0,83.37,"Viral Vector, mRNA"
2021-09-08,10267,8,Dr.Junaid Nadeeem,Pakistan,2012-07-03,236,False,Twitter,False,1,Fall,3354,1049898.0,29.09,"Inactivated, Other, Viral Vector, mRNA"
2021-09-08,10267,8,Hugo,United States,2013-09-18,702,False,Twitter,False,0,Fall,2912,684294.0,115.67,"Viral Vector, mRNA"
2021-09-07,9486,19,Inexplicable Boy,Nepal,2019-05-08,106,False,Twitter,False,0,Fall,853,116795.0,35.78,"Inactivated, Viral Vector, mRNA"
2021-09-08,10267,8,BB: Vᴀxᴇᴅ ᴛᴏ ᴛʜᴇ ᴍᴀx!,United States,2015-10-31,372,False,Twitter,False,-1,Fall,2139,684294.0,115.67,"Viral Vector, mRNA"
2021-09-08,10267,8,$BTC Cannon,United States,2015-10-11,31,False,Twitter,False,-1,Fall,2159,684294.0,115.67,"Viral Vector, mRNA"
2021-09-08,10267,8,Pete Johns,Australia,2012-04-04,430,False,Twitter,False,0,Fall,3444,259775.0,84.58,"Viral Vector, mRNA"
2021-09-07,9486,19,Retired LEO,United States,2014-12-07,1646,False,Twitter,False,1,Fall,2466,697492.0,115.41,"Viral Vector, mRNA"
2021-09-07,9486,19,former fetus 4 choice sez GET UR FUCKING VACCINE,United States,2014-04-23,902,False,Twitter,False,-1,Fall,2694,697492.0,115.41,"Viral Vector, mRNA"
2021-09-07,9486,19,MizJ,Canada,2016-07-22,312,False,Twitter,False,1,Fall,1873,83428.0,142.13,"Viral Vector, mRNA"
2021-09-08,10267,8,Jayszip 🌊 WE SHALL OVERCOME 🌊 💯 🇺🇸 🌈,United States,2009-04-06,1036,False,Twitter,False,1,Fall,4538,684294.0,115.67,"Viral Vector, mRNA"
2021-09-08,10267,8,💧😷KateMarcia ⚫️,Australia,2009-03-15,131,False,Twitter,False,0,Fall,4560,259775.0,84.58,"Viral Vector, mRNA"
2021-09-07,9486,19,꧁༺ 🖤 ʝʊʟɨɛ 🖤 ༻꧂,India,2009-07-04,21882,False,Twitter,False,0,Fall,4448,7838454.0,50.21,"Other, Viral Vector"
2021-09-08,10267,8,Penn Emblem Company,United States,2011-01-06,1072,False,Twitter,False,1,Fall,3898,684294.0,115.67,"Viral Vector, mRNA"
2021-09-08,10267,8,Nayna Yadav,India,2020-03-30,10,False,Twitter,False,0,Fall,527,6996271.0,50.99,"Other, Viral Vector"
2021-09-07,9486,19,Ella,United States,2021-03-06,11,False,Twitter,False,1,Fall,185,697492.0,115.41,"Viral Vector, mRNA"
2021-09-08,10267,8,Radio Brahmaputra 90.4 FM (CRS),India,2018-09-21,241,False,Twitter,False,1,Fall,1083,6996271.0,50.99,"Other, Viral Vector"
2021-09-07,9486,19,Oldham Care Organisation,United States,2013-10-10,3615,True,hootsuite inc.,False,1,Fall,2889,697492.0,115.41,"Viral Vector, mRNA"
2021-09-08,10267,8,Ten News Network,India,2009-05-12,4613,False,Twitter,False,0,Fall,4502,6996271.0,50.99,"Other, Viral Vector"
2021-09-08,10267,8,Magix Raid,United States,2019-07-18,623,False,Twitter,False,0,Fall,783,684294.0,115.67,"Viral Vector, mRNA"
2021-09-07,9486,19,A. Chase Mallia,United States,2009-08-06,320,False,Twitter,False,-1,Fall,4415,697492.0,115.41,"Viral Vector, mRNA"
2021-09-07,9486,19,MobileTopup,United States,2010-02-11,232,False,Buffer,False,1,Fall,4226,697492.0,115.41,"Viral Vector, mRNA"
2021-09-08,10267,8,Dr Brett L Scarlett,Australia,2009-09-06,1276,False,Twitter,False,-1,Fall,4385,259775.0,84.58,"Viral Vector, mRNA"
2021-09-08,10267,8,Alana,Australia,2011-04-27,346,False,Twitter,False,0,Fall,3787,259775.0,84.58,"Viral Vector, mRNA"
2021-09-08,10267,8,𝕃𝕖𝕒𝕟𝕟𝕒,Canada,2010-11-17,189,False,Twitter,False,1,Fall,3948,81530.0,142.36,"Viral Vector, mRNA"
2021-09-08,10267,8,💭 Critical Thinking 💭,United States,2019-07-17,1006,False,Twitter,False,0,Fall,784,684294.0,115.67,"Viral Vector, mRNA"
2021-09-08,10267,8,Lesly🍬,United States,2010-04-23,771,False,Twitter,False,0,Fall,4156,684294.0,115.67,"Viral Vector, mRNA"
2021-09-07,9486,19,Temple Health,United States,2008-11-11,5474,False,khoros publishing app,False,-1,Fall,4683,697492.0,115.41,"Viral Vector, mRNA"
2021-09-08,10267,8,ijaz ahamed,India,2017-06-28,48,False,Twitter,False,-1,Fall,1533,6996271.0,50.99,"Other, Viral Vector"
2021-09-08,10267,8,Rosetta,United States,2012-04-04,407,False,Sprout,False,1,Fall,3444,684294.0,115.67,"Viral Vector, mRNA"
2021-09-07,9486,19,Glenn D. Webster ✍️📙 ‘There Is Only Now’,United States,2020-04-21,87,False,Twitter,False,-1,Fall,504,697492.0,115.41,"Viral Vector, mRNA"
2021-09-08,10267,8,Mrs P 🌸,United Kingdom,2012-02-23,310,False,Twitter,False,-1,Fall,3485,128301.0,134.96,"Viral Vector, mRNA"
2021-09-08,10267,8,Halesowen College,United States,2011-04-20,4546,False,Twitter,False,1,Fall,3794,684294.0,115.67,"Viral Vector, mRNA"
2021-09-07,9486,19,Alexandre,France,2012-09-09,214,False,Twitter,False,-1,Fall,3285,320218.0,134.75,"Viral Vector, mRNA"
2021-09-07,9486,19,DitaNYC🏳️‍🌈 ✊🏿,United States,2015-01-23,424,False,Twitter,False,0,Fall,2419,697492.0,115.41,"Viral Vector, mRNA"
2021-09-07,9486,19,Aditya Rao,United States,2012-01-27,48,False,Twitter,False,1,Fall,3511,697492.0,115.41,"Viral Vector, mRNA"
2021-09-08,10267,8,Sam Green Media,Australia,2009-03-23,9567,True,Twitter,False,0,Fall,4552,259775.0,84.58,"Viral Vector, mRNA"
2021-09-07,9486,19,TheBiharPost,India,2016-02-16,1364,False,Twitter,False,-1,Fall,2030,7838454.0,50.21,"Other, Viral Vector"
2021-09-08,10267,8,Krritika Joshi,United States,2014-02-24,31,False,Twitter,False,1,Fall,2753,684294.0,115.67,"Viral Vector, mRNA"
2021-09-07,9486,19,Diana Pepin,Canada,2016-03-29,227,False,Twitter,False,-1,Fall,1988,83428.0,142.13,"Viral Vector, mRNA"
2021-09-08,10267,8,Emma Grace Smith,United States,2019-01-14,1615,False,Twitter,False,1,Fall,968,684294.0,115.67,"Viral Vector, mRNA"
2021-09-07,9486,19,SHAH RUKH MALIK,United States,2014-08-22,18,False,Twitter,False,0,Fall,2573,697492.0,115.41,"Viral Vector, mRNA"
2021-09-08,10267,8,S10 Harry24h,Australia,2018-06-25,242,False,Twitter,False,0,Fall,1171,259775.0,84.58,"Viral Vector, mRNA"
2021-09-08,10267,8,Express Trending 😷,India,2018-01-15,7077,True,TweetDeck,False,1,Fall,1332,6996271.0,50.99,"Other, Viral Vector"
2021-09-08,10267,8,Niki,United States,2008-07-14,33513,False,Twitter,False,1,Fall,4804,684294.0,115.67,"Viral Vector, mRNA"
2021-09-08,10267,8,"Kenneth ""Humanitarianism Is All Inclusive"" Deome",United States,2013-09-23,1661,False,Twitter,False,0,Fall,2907,684294.0,115.67,"Viral Vector, mRNA"
2021-09-07,9486,19,𝐒𝐀𝐈 𝐏𝐑𝐀𝐃𝐄𝐄𝐏,India,2020-08-14,16,False,Twitter,False,0,Fall,389,7838454.0,50.21,"Other, Viral Vector"
2021-09-08,10267,8,yunniesss 💡,United States,2012-06-03,266,False,Twitter,False,0,Fall,3384,684294.0,115.67,"Viral Vector, mRNA"
2021-09-07,9486,19,We Are Swiggy,India,2018-08-03,4674,False,Twitter,False,1,Fall,1131,7838454.0,50.21,"Other, Viral Vector"
2021-09-08,10267,8,"Peter Embí, FACP, FACMI, FIAHSI",India,2009-06-08,2024,False,Twitter,False,1,Fall,4475,6996271.0,50.99,"Other, Viral Vector"
2021-09-07,9486,19,Khabarhub English,Nepal,2016-04-01,6484,False,Twitter,False,0,Fall,1985,116795.0,35.78,"Inactivated, Viral Vector, mRNA"
2021-09-07,9486,19,School District 62,United States,2009-04-15,2164,True,hootsuite inc.,False,1,Fall,4528,697492.0,115.41,"Viral Vector, mRNA"
2021-09-07,9486,19,Sumner Regional Medical Center,United States,2018-11-14,127,False,loomly,False,0,Fall,1028,697492.0,115.41,"Viral Vector, mRNA"
2021-09-07,9486,19,Neil 🇺🇸 Ⓥ #ClimateChange #BLM,Georgia,2017-08-07,14709,False,Twitter,False,1,Fall,1492,22276.0,34.34,"Inactivated, Viral Vector, mRNA"
2021-09-07,9486,19,"Waverley Borough Council, Surrey",United Kingdom,2010-02-01,6926,True,orlo,False,1,Fall,4236,134641.0,134.8,"Viral Vector, mRNA"
2021-09-07,9486,19,Wyre Forest Health Partnership,United States,2015-07-06,306,False,Twitter,False,-1,Fall,2255,697492.0,115.41,"Viral Vector, mRNA"
2021-09-07,9486,19,Ivan Ballin - #amwriting,United States,2011-10-25,646,False,Twitter,False,-1,Fall,3605,697492.0,115.41,"Viral Vector, mRNA"
2021-09-08,10267,8,Pv Subramanyam Gnyani,India,2017-12-12,56,False,Twitter,False,1,Fall,1366,6996271.0,50.99,"Other, Viral Vector"
2021-09-08,10267,8,"Sam ""Monty"" Mont Slice 🇦🇺",Australia,2020-09-17,648,False,Twitter,False,1,Fall,356,259775.0,84.58,"Viral Vector, mRNA"
2021-10-15,7240,-8,Tripura Bamboo Mission,United States,2014-10-27,208,False,Twitter,False,1,Fall,2545,779236.0,124.6,"Viral Vector, mRNA"
2021-10-14,7879,3,Shafi Sk,India,2012-02-06,109,False,Twitter,False,1,Fall,3538,5884027.0,69.5,"Other, Viral Vector"
2021-10-29,7848,-5,MaksimLevinskyMusic,Israel,2009-06-23,243,False,Twitter,False,0,Fall,4511,11258.0,171.83,mRNA
2021-10-26,7838,32,Mel,United States,2011-03-26,658,False,Twitter,False,1,Fall,3867,1056559.0,127.55,"Viral Vector, mRNA"
2021-10-26,7838,32,Jennifer Kim,United States,2015-05-09,141,False,Twitter,False,1,Fall,2362,1056559.0,127.55,"Viral Vector, mRNA"
2021-10-21,7744,5,Confederation of Indian Industry,India,2009-10-31,168569,True,Twitter,False,1,Fall,4373,4977463.0,72.0,"Other, Viral Vector"
2021-10-20,7401,1,Corporate Nursing and Therapies,United States,2021-03-16,160,False,Twitter,False,1,Fall,218,738678.0,125.57,"Viral Vector, mRNA"
2021-10-30,6869,-12,Dr Rachel Ward,United States,2014-05-14,1088,False,Twitter,False,1,Fall,2726,1330928.0,129.29,"Viral Vector, mRNA"
2021-10-22,7921,2,Hasnain Shah,United States,2019-09-14,9110,False,Twitter,False,0,Fall,769,777238.0,126.24,"Viral Vector, mRNA"
2021-10-30,6869,-12,Emanuele,Italy,2009-08-26,157,False,Twitter,False,-1,Fall,4448,158013.0,149.02,"Other, Viral Vector, mRNA"
2021-10-20,7401,1,Frodo&Loki's(mask wearing 💉💉) Mum😷,United States,2012-06-29,395,False,Twitter,False,0,Fall,3400,738678.0,125.57,"Viral Vector, mRNA"
2021-10-24,5696,-14,I Call'Em As I See'Em,United States,2009-05-08,200,False,Twitter,False,0,Fall,4552,853767.0,126.63,"Viral Vector, mRNA"
2021-10-21,7744,5,Rajesh Timane,India,2009-09-15,2246,False,Twitter,False,1,Fall,4419,4977463.0,72.0,"Other, Viral Vector"
2021-10-27,8864,13,Ericali 🌸,United Kingdom,2019-03-25,699,False,Twitter,False,0,Fall,947,385994.0,150.22,"Viral Vector, mRNA"
2021-10-19,7361,35,SUE,United States,2018-09-13,73,False,Twitter,False,1,Fall,1132,748443.0,125.32,"Viral Vector, mRNA"
2021-10-18,5434,2,Jamal Kipkemei FRSPH MHS MKIM,United States,2014-01-15,2879,False,Twitter,False,0,Fall,2833,763179.0,125.08,"Viral Vector, mRNA"
2021-10-21,7744,5,Tripti tiwari,India,2016-01-06,2323,False,Twitter,False,-1,Fall,2115,4977463.0,72.0,"Other, Viral Vector"
2021-10-27,8864,13,J💀n D🎃nahue,United States,2010-01-13,13677,True,Twitter,False,1,Fall,4305,1168004.0,128.03,"Viral Vector, mRNA"
2021-10-29,7848,-5,Jeana -♿️ Blue Dot in a Embarrassing Red State,United States,2018-05-13,9743,False,Twitter,False,1,Fall,1265,1332200.0,129.05,"Viral Vector, mRNA"
2021-10-26,7838,32,Global Spring,United States,2011-10-02,1989,False,Twitter,False,0,Fall,3677,1056559.0,127.55,"Viral Vector, mRNA"
2021-10-20,7401,1,Jana✨,Lebanon,2018-04-10,250,False,Twitter,False,0,Fall,1289,11409.0,46.71,"Inactivated, Viral Vector, mRNA"
2021-10-21,7744,5,abecedey,India,2014-10-05,208,False,Twitter,False,0,Fall,2573,4977463.0,72.0,"Other, Viral Vector"
2021-10-29,7848,-5,Endryu,United States,2021-01-26,162,False,Twitter,False,-1,Fall,276,1332200.0,129.05,"Viral Vector, mRNA"
2021-10-21,7744,5,Farhan Ashfaq,India,2014-06-03,533,False,Twitter,False,1,Fall,2697,4977463.0,72.0,"Other, Viral Vector"
2021-10-21,7744,5,Left Leaning Merchandise,United Kingdom,2020-11-24,1423,False,Twitter,False,0,Fall,331,340341.0,147.27,"Viral Vector, mRNA"
2021-10-21,7744,5,alok kumar,India,2014-09-13,1,False,Twitter,False,0,Fall,2595,4977463.0,72.0,"Other, Viral Vector"
2021-10-21,7744,5,ᴊᴜꜱᴛ ᴘᴏʟʟꜱ 💎 ᴘʟᴇᴀꜱᴇ ᴠᴏᴛᴇ & ʀᴇᴛᴡᴇᴇᴛ,United Kingdom,2016-01-17,14083,False,Twitter,False,0,Fall,2104,340341.0,147.27,"Viral Vector, mRNA"
2021-10-15,7240,-8,"Victor E. Sasson, The Sasson Report",United States,2010-10-06,164,False,Twitter,False,0,Fall,4027,779236.0,124.6,"Viral Vector, mRNA"
2021-10-27,8864,13,Billy517,United States,2016-11-07,164,False,Twitter,False,0,Fall,1815,1168004.0,128.03,"Viral Vector, mRNA"
2021-10-23,6616,-16,Insouciant Samuel - gibberish spoken here 👍🏽,United States,2010-12-20,3002,False,Twitter,False,1,Fall,3960,824972.0,126.49,"Viral Vector, mRNA"
2021-10-21,7744,5,सुधीर तिवारी,India,2016-02-15,80,False,Twitter,False,-1,Fall,2075,4977463.0,72.0,"Other, Viral Vector"
2021-10-22,7921,2,Ridzsups NO DM,India,2016-10-02,367,False,Twitter,False,-1,Fall,1846,5540317.0,72.48,"Other, Viral Vector"
2021-10-25,5935,4,I’ll be damned.,United States,2018-05-29,730,False,Twitter,False,1,Fall,1245,952127.0,127.08,"Viral Vector, mRNA"
2021-10-23,6616,-16,Ken WHITE,United States,2013-09-09,5048,False,spreaker,False,0,Fall,2966,824972.0,126.49,"Viral Vector, mRNA"
2021-10-21,7744,5,Press Cat! P. S. News Wire,United States,2015-07-19,66,False,Twitter,False,-1,Fall,2286,731018.0,125.83,"Viral Vector, mRNA"
2021-10-29,7848,-5,Leila Hojat,United States,2020-10-10,76,False,Twitter,False,0,Fall,384,1332200.0,129.05,"Viral Vector, mRNA"
2021-10-21,7744,5,Dr Vivek Chouksey,India,2021-03-13,687,False,Twitter,False,-1,Fall,222,4977463.0,72.0,"Other, Viral Vector"
2021-10-23,6616,-16,Prof Colin Diamond CBE 💙,United States,2011-08-09,5881,False,Twitter,False,1,Fall,3728,824972.0,126.49,"Viral Vector, mRNA"
2021-10-26,7838,32,Steven Yaniz,United States,2013-07-12,743,False,Twitter,False,-1,Fall,3028,1056559.0,127.55,"Viral Vector, mRNA"
2021-10-21,7744,5,Grizzlepaw,Canada,2010-04-20,59,False,Twitter,False,1,Fall,4202,79385.0,152.38,"Viral Vector, mRNA"
2021-10-26,7838,32,TheChiragRupani,India,2010-09-22,381,False,Twitter,False,1,Fall,4052,6248147.0,73.98,"Other, Viral Vector"
2021-10-21,7744,5,WeirdWatercolours,United States,2020-05-29,488,False,Twitter,False,-1,Fall,510,731018.0,125.83,"Viral Vector, mRNA"
2021-10-21,7744,5,Dr. V S Turner Jr.,United States,2015-03-04,1447,False,Twitter,False,1,Fall,2423,731018.0,125.83,"Viral Vector, mRNA"
2021-10-24,5696,-14,Susan Moran (Irish refugee),United States,2020-08-04,29,False,Twitter,False,-1,Fall,446,853767.0,126.63,"Viral Vector, mRNA"
2021-10-21,7744,5,Tanish Bansal,India,2019-10-19,47,False,Twitter,False,1,Fall,733,4977463.0,72.0,"Other, Viral Vector"
2021-10-21,7744,5,Andrew Partington 💙,United Kingdom,2013-07-01,231,False,Twitter,False,1,Fall,3034,340341.0,147.27,"Viral Vector, mRNA"
2021-10-20,7401,1,"Paula Brady, MD",United States,2013-10-05,837,False,Twitter,False,1,Fall,2937,738678.0,125.57,"Viral Vector, mRNA"
2021-10-23,6616,-16,🇺🇸 Progressive Patriot 🇺🇸,United States,2009-02-12,277,False,Twitter,False,1,Fall,4636,824972.0,126.49,"Viral Vector, mRNA"
2021-10-15,7240,-8,Carol Whelan,United States,2018-02-26,399,False,Twitter,False,1,Fall,1327,779236.0,124.6,"Viral Vector, mRNA"
2021-10-23,6616,-16,Marko Häkkilä,United States,2020-08-12,34,False,Twitter,False,0,Fall,437,824972.0,126.49,"Viral Vector, mRNA"
2021-10-18,5434,2,David Lambert 🦬,United States,2009-12-15,1674,False,Twitter,False,0,Fall,4325,763179.0,125.08,"Viral Vector, mRNA"
2021-10-22,7921,2,D 4 Public Health,United States,2011-03-24,1248,False,hootsuite inc.,False,0,Fall,3865,777238.0,126.24,"Viral Vector, mRNA"
2021-10-29,7848,-5,The Liz Mullins 💙,United States,2019-06-28,172,False,Twitter,False,0,Fall,854,1332200.0,129.05,"Viral Vector, mRNA"
2021-10-21,7744,5,Karl Schaft,United States,2014-05-24,418,False,Twitter,False,1,Fall,2707,731018.0,125.83,"Viral Vector, mRNA"
2021-10-24,5696,-14,Brooks Van Sant,United States,2009-10-10,14,False,Twitter,False,-1,Fall,4397,853767.0,126.63,"Viral Vector, mRNA"
2021-10-17,5352,-17,tactical_blonde @CEDAWinLaw.com⚖️@CedawPT,United States,2009-08-27,2542,False,Twitter,False,-1,Fall,4434,766608.0,124.83,"Viral Vector, mRNA"
2021-10-20,7401,1,Dalton Snyder,United States,2011-10-27,478,False,Twitter,False,0,Fall,3646,738678.0,125.57,"Viral Vector, mRNA"
2021-10-30,6869,-12,Bashu Dey,United States,2021-10-28,1,False,Twitter,False,0,Fall,2,1330928.0,129.29,"Viral Vector, mRNA"
2021-10-24,5696,-14,PaedsHaemDoc,United States,2012-08-21,1908,False,Twitter,False,1,Fall,3351,853767.0,126.63,"Viral Vector, mRNA"
2021-10-22,7921,2,Sean,United States,2017-12-31,8,False,Twitter,False,1,Fall,1391,777238.0,126.24,"Viral Vector, mRNA"
2021-10-21,7744,5,Colm C,United States,2009-08-31,148,False,Twitter,False,-1,Fall,4434,731018.0,125.83,"Viral Vector, mRNA"
2021-10-25,5935,4,Siobhan Roe,Australia,2012-09-01,609,False,Twitter,False,0,Fall,3341,235260.0,133.79,"Viral Vector, mRNA"
2021-10-26,7838,32,👀on the children,Canada,2017-12-26,404,False,Twitter,False,-1,Fall,1400,76322.0,153.34,"Viral Vector, mRNA"
2021-10-19,7361,35,Laurence Burris,United States,2013-06-11,2864,False,Twitter,False,-1,Fall,3052,748443.0,125.32,"Viral Vector, mRNA"
2021-10-20,7401,1,Maria Forbes,United States,2021-09-04,1,False,Twitter,False,1,Fall,46,738678.0,125.57,"Viral Vector, mRNA"
2021-10-24,5696,-14,Guy Ⓥ🎗🌱,Australia,2007-03-24,1988,False,Twitter,False,-1,Fall,5328,241688.0,132.89,"Viral Vector, mRNA"
2021-10-21,7744,5,WrestleGo,United States,2021-04-18,40,False,Twitter,False,1,Fall,186,731018.0,125.83,"Viral Vector, mRNA"
2021-10-22,7921,2,John B Wells 11:11,United States,2013-10-30,38851,False,Twitter,False,-1,Fall,2914,777238.0,126.24,"Viral Vector, mRNA"
2021-10-14,7879,3,Christine,United States,2019-03-31,423,False,Twitter,False,-1,Fall,928,792249.0,124.29,"Viral Vector, mRNA"
2021-10-30,6869,-12,😷 Mask Elam (He/Him),United States,2009-11-26,256,False,Twitter,False,-1,Fall,4356,1330928.0,129.29,"Viral Vector, mRNA"
2021-10-19,7361,35,The Cranky Creative Blog,United States,2018-07-23,264,False,Twitter,False,-1,Fall,1184,748443.0,125.32,"Viral Vector, mRNA"
2021-10-23,6616,-16,Positive Homeopathy,India,2014-02-23,2162,False,Twitter,False,-1,Fall,2799,5850184.0,72.75,"Other, Viral Vector"
2021-10-31,5489,-20,Romeo and Bitcon ビットコインは銀行ビグリを破る,United States,2021-04-22,32,False,Twitter,False,-1,Fall,192,1325824.0,129.42,"Viral Vector, mRNA"
2021-10-21,7744,5,🎀Just Doris🧩,United States,2010-02-13,462,False,Twitter,False,0,Fall,4268,731018.0,125.83,"Viral Vector, mRNA"
2021-10-29,7848,-5,Brian B-No Adams,United States,2011-04-16,1214,False,Twitter,False,0,Fall,3849,1332200.0,129.05,"Viral Vector, mRNA"
2021-10-30,6869,-12,Ayush Gupta,India,2017-09-15,20,False,Twitter,False,0,Fall,1506,6407429.0,75.96,"Other, Viral Vector"
2021-10-19,7361,35,Thee Gaines REALTOR,United States,2012-03-09,56,False,Twitter,False,-1,Fall,3511,748443.0,125.32,"Viral Vector, mRNA"
2021-10-23,6616,-16,michela martini,United States,2011-09-13,103,False,Twitter,False,-1,Fall,3693,824972.0,126.49,"Viral Vector, mRNA"
2021-10-15,7240,-8,Jae J,United Kingdom,2019-06-17,15,False,Twitter,False,0,Fall,851,283825.0,144.2,"Viral Vector, mRNA"
2021-10-29,7848,-5,Lizzy Khumalo,United Kingdom,2021-03-08,26,False,wordpress.com,False,1,Fall,235,336808.0,151.27,"Viral Vector, mRNA"
2021-10-29,7848,-5,Curio,United States,2016-06-03,12858,True,TweetDeck,False,1,Fall,1974,1332200.0,129.05,"Viral Vector, mRNA"
2021-10-21,7744,5,Dr. Archika Didi,India,2015-08-05,917,False,Twitter,False,1,Fall,2269,4977463.0,72.0,"Other, Viral Vector"
2021-10-28,8294,-6,G⎊rd⍟n__△⃒⃘M 🏴󠁧󠁢󠁳󠁣󠁴󠁿,United States,2021-10-25,0,False,Twitter,False,-1,Fall,3,1274387.0,128.51,"Viral Vector, mRNA"
2021-10-16,6429,-11,Ripley Connor,United States,2013-02-09,41,False,Twitter,False,0,Fall,3171,772939.0,124.75,"Viral Vector, mRNA"
2021-10-17,5352,-17,PA EDitorial Ltd,United Kingdom,2012-12-11,234,False,Twitter,False,1,Fall,3232,293982.0,144.97,"Viral Vector, mRNA"
2021-10-21,7744,5,Bicky Kr,India,2021-09-17,0,False,Twitter,False,1,Fall,34,4977463.0,72.0,"Other, Viral Vector"
2021-10-25,5935,4,First Officer ((Space Laser Force)),United States,2014-03-30,1504,False,Twitter,False,1,Fall,2766,952127.0,127.08,"Viral Vector, mRNA"
2021-10-21,7744,5,Michael James,United States,2014-01-29,114,False,Twitter,False,-1,Fall,2822,731018.0,125.83,"Viral Vector, mRNA"
2021-10-21,7744,5,Treta,India,2020-06-30,427,False,Twitter,False,0,Fall,478,4977463.0,72.0,"Other, Viral Vector"
2021-10-21,7744,5,RNA,India,2016-10-08,45,False,Twitter,False,1,Fall,1839,4977463.0,72.0,"Other, Viral Vector"
2021-10-21,7744,5,Ankita Pansare,India,2021-05-29,2,False,Twitter,False,0,Fall,145,4977463.0,72.0,"Other, Viral Vector"
2021-10-21,7744,5,Joseph An Oilithrigh_EU 🇮🇪 ANTIFA & ANTI-BREXIT,United States,2013-12-21,3052,False,Twitter,False,-1,Fall,2861,731018.0,125.83,"Viral Vector, mRNA"
2021-10-21,7744,5,"Caribbean News, Latin America News",United States,2008-03-05,1437,False,Twitter,False,0,Fall,4978,731018.0,125.83,"Viral Vector, mRNA"
2021-10-28,8294,-6,Hiding anonymously,Barbados,2021-04-11,28,False,Twitter,False,1,Fall,200,964.0,94.9,"Inactivated, Viral Vector, mRNA"
2021-10-22,7921,2,Kimberley Lorraine,United States,2013-03-08,589,False,Twitter,False,-1,Fall,3150,777238.0,126.24,"Viral Vector, mRNA"
2021-10-28,8294,-6,Apollo Clinic,India,2014-03-26,447,False,Twitter,False,1,Fall,2773,5607749.0,74.81,"Other, Viral Vector"
2021-10-21,7744,5,sheacademyinc,United States,2020-10-23,26,False,TweetDeck,False,1,Fall,363,731018.0,125.83,"Viral Vector, mRNA"
2021-10-21,7744,5,Hope Rising,United States,2016-04-10,5231,False,Twitter,False,-1,Fall,2020,731018.0,125.83,"Viral Vector, mRNA"
2021-10-21,7744,5,Paul Bambury,United Kingdom,2016-01-27,353,False,Twitter,False,1,Fall,2094,340341.0,147.27,"Viral Vector, mRNA"
2021-10-21,7744,5,Prem Shankar,India,2019-08-06,23,False,Twitter,False,0,Fall,807,4977463.0,72.0,"Other, Viral Vector"
2021-10-15,7240,-8,Weightmans,United Kingdom,2009-11-16,9662,True,Twitter,False,-1,Fall,4351,283825.0,144.2,"Viral Vector, mRNA"
2021-10-19,7361,35,Parthiban Shanmugam,United States,2010-06-22,2472,False,Twitter,False,0,Fall,4137,748443.0,125.32,"Viral Vector, mRNA"
2021-10-15,7240,-8,Waleed,United States,2012-01-03,24,False,Twitter,False,-1,Fall,3573,779236.0,124.6,"Viral Vector, mRNA"
2021-10-23,6616,-16,Rosemary Maddy ❤🇪🇺 #RejoinEU 💙,United Kingdom,2010-11-29,435,False,Twitter,False,1,Fall,3981,362071.0,148.46,"Viral Vector, mRNA"
2021-10-21,7744,5,Anantha-Infinity,India,2008-10-20,3137,False,Twitter,False,1,Fall,4749,4977463.0,72.0,"Other, Viral Vector"
2021-10-23,6616,-16,John Dews,United States,2014-10-22,387,False,Twitter,False,1,Fall,2558,824972.0,126.49,"Viral Vector, mRNA"
2021-10-19,7361,35,ACT Health,Australia,2011-07-31,26627,True,Twitter,False,1,Fall,3733,262556.0,128.47,"Viral Vector, mRNA"
2021-10-19,7361,35,Mike M,United States,2008-03-22,561,False,Twitter,False,0,Fall,4959,748443.0,125.32,"Viral Vector, mRNA"
2021-10-23,6616,-16,Norbert Heinrich,United States,2013-07-22,82,False,Twitter,False,0,Fall,3015,824972.0,126.49,"Viral Vector, mRNA"
2021-10-19,7361,35,Nic Stockmann,United Kingdom,2009-03-08,836,False,Twitter,False,1,Fall,4608,314661.0,145.77,"Viral Vector, mRNA"
2021-10-29,7848,-5,Viggy the 👁 doctor !,India,2011-02-20,168,False,Twitter,False,-1,Fall,3904,5966139.0,75.48,"Other, Viral Vector"
2021-10-15,7240,-8,Yona Gavino,United States,2013-09-28,2097,True,Twitter,False,0,Fall,2939,779236.0,124.6,"Viral Vector, mRNA"
2021-10-27,8864,13,TaxAssist Derby,United States,2018-11-02,117,False,Buffer,False,1,Fall,1090,1168004.0,128.03,"Viral Vector, mRNA"
2021-10-25,5935,4,Sparky_Jabrones 🇺🇸☮️😎,United States,2021-02-27,189,False,Twitter,False,-1,Fall,240,952127.0,127.08,"Viral Vector, mRNA"
2021-10-30,6869,-12,Allergic to the Vaccine !!!! Myocarditis Girl,United States,2019-06-24,1573,False,Twitter,False,1,Fall,859,1330928.0,129.29,"Viral Vector, mRNA"
2021-10-16,6429,-11,PreacherTrainer,United States,2011-02-17,5272,False,Twitter,False,1,Fall,3894,772939.0,124.75,"Viral Vector, mRNA"
2021-10-15,7240,-8,Mark Johnson,United States,2009-03-06,520,False,Twitter,False,-1,Fall,4606,779236.0,124.6,"Viral Vector, mRNA"
2021-10-19,7361,35,FEMME DOM FETISH INC. (Distractions in Dominance),United States,2017-07-21,65,False,Twitter,False,0,Fall,1551,748443.0,125.32,"Viral Vector, mRNA"
2021-10-24,5696,-14,0,United States,2021-07-20,1223,False,Twitter,False,-1,Fall,96,853767.0,126.63,"Viral Vector, mRNA"
2021-10-21,7744,5,Rotary Kampala MuyengaBreeze,United States,2015-07-15,881,False,Twitter,False,1,Fall,2290,731018.0,125.83,"Viral Vector, mRNA"
2021-10-20,7401,1,Stephan 🇺🇲,United States,2019-03-19,125,False,Twitter,False,0,Fall,946,738678.0,125.57,"Viral Vector, mRNA"
2021-10-19,7361,35,Kelly Caitlin,United States,2021-10-18,0,False,Twitter,False,1,Fall,1,748443.0,125.32,"Viral Vector, mRNA"
2021-10-21,7744,5,Faux Sports,United States,2009-08-22,233,False,Twitter,False,-1,Fall,4443,731018.0,125.83,"Viral Vector, mRNA"
2021-10-19,7361,35,IMI Uganda,United States,2018-01-25,8,False,Twitter,False,-1,Fall,1363,748443.0,125.32,"Viral Vector, mRNA"
2021-10-31,5489,-20,Dr Jocelyn Selwyn-Gotha 💙,United States,2021-05-11,24,False,Twitter,False,1,Fall,173,1325824.0,129.42,"Viral Vector, mRNA"
2021-11-06,7052,-10,InTheSticks,United Kingdom,2009-01-29,1347,False,Twitter,False,1,Fall,4664,365359.0,155.65,"Viral Vector, mRNA"
2021-11-14,5465,-19,Saffy,United States,2009-03-03,164,False,Twitter,False,-1,Fall,4639,1448501.0,135.36,"Viral Vector, mRNA"
2021-11-12,7999,4,💙💜💙May 💙💜💙,United States,2009-08-09,480,False,Twitter,False,-1,Fall,4478,1424839.0,134.84,"Viral Vector, mRNA"
2021-11-11,7668,-9,Bill O'Leary,United States,2011-11-11,2743,False,Twitter,False,0,Fall,3653,1413414.0,134.24,"Viral Vector, mRNA"
2021-11-10,8387,7,East Coast Radio,South Africa,2010-02-26,527904,True,Twitter,False,0,Fall,4275,105838.0,39.21,"Viral Vector, mRNA"
2021-11-23,8441,33,Jill is Fully Vaccinated,United States,2016-03-08,4821,False,Twitter,False,1,Fall,2086,1573280.0,139.65,"Viral Vector, mRNA"
2021-11-10,8387,7,Dhyana Levey,United States,2008-04-21,577,False,Twitter,False,0,Fall,4951,1418175.0,133.76,"Viral Vector, mRNA"
2021-11-12,7999,4,Ian Harrison,United Kingdom,2013-06-09,972,False,Twitter,False,0,Fall,3078,430072.0,159.36,"Viral Vector, mRNA"
2021-11-19,7906,-5,Lesley Leggett,United Kingdom,2010-10-09,1338,False,Twitter,False,0,Fall,4059,400216.0,163.47,"Viral Vector, mRNA"
2021-11-23,8441,33,Baffled Stranger,Norway,2020-04-13,431,False,Twitter,False,0,Fall,589,23732.0,154.97,mRNA
2021-11-12,7999,4,Cynthia💞,United States,2019-03-12,3122,False,Twitter,False,1,Fall,976,1424839.0,134.84,"Viral Vector, mRNA"
2021-11-19,7906,-5,Inc.Monocle,United States,2016-07-14,2364,False,Twitter,False,-1,Fall,1954,1504000.0,138.01,"Viral Vector, mRNA"
2021-11-09,7830,27,Daijiang Li,United States,2010-06-14,1499,False,Twitter,False,0,Fall,4166,1388973.0,133.24,"Viral Vector, mRNA"
2021-11-16,7734,30,France Media Group,France,2013-03-18,571,False,ifttt,False,1,Fall,3165,171286.0,151.79,"Viral Vector, mRNA"
2021-11-19,7906,-5,RedForLife #YNWA,United Kingdom,2014-11-14,459,False,Twitter,False,1,Fall,2562,400216.0,163.47,"Viral Vector, mRNA"
2021-11-02,7235,20,💎✨The Honey Badger✨💎,United States,2017-11-04,29104,False,Twitter,False,1,Fall,1459,1308212.0,130.31,"Viral Vector, mRNA"
2021-11-10,8387,7,Markham99,United States,2010-01-13,89,False,Twitter,False,0,Fall,4319,1418175.0,133.76,"Viral Vector, mRNA"
2021-11-17,8527,10,"Stephen Milward BA, Cert.Ed., MCP💙",United Kingdom,2009-01-21,859,False,Twitter,False,1,Fall,4683,399481.0,162.22,"Viral Vector, mRNA"
2021-11-05,7833,1,Leeloo 🗽(Clair Cabal),United States,2017-09-13,13029,False,Twitter,False,-1,Fall,1514,1321911.0,131.83,"Viral Vector, mRNA"
2021-11-13,6733,-16,Micah John Brennan,United States,2012-08-31,1457,False,Twitter,False,1,Fall,3361,1445009.0,135.19,"Viral Vector, mRNA"
2021-11-10,8387,7,Mary Cooley,United States,2012-11-04,73,False,Twitter,False,0,Fall,3293,1418175.0,133.76,"Viral Vector, mRNA"
2021-11-06,7052,-10,"Mike Fradley, MD",United States,2012-07-21,1864,False,Twitter,False,-1,Fall,3395,1352399.0,132.14,"Viral Vector, mRNA"
2021-11-04,7768,-1,hygypt,United States,2008-11-27,3879,False,Twitter,False,0,Fall,4725,1303914.0,131.26,"Viral Vector, mRNA"
2021-11-19,7906,-5,AvoidBeingEmployed,United States,2021-03-17,8,False,Twitter,False,0,Fall,247,1504000.0,138.01,"Viral Vector, mRNA"
2021-11-05,7833,1,Caro C. Smith is Querying 🏳️‍🌈,United States,2016-04-09,401,False,Twitter,False,0,Fall,2036,1321911.0,131.83,"Viral Vector, mRNA"
2021-11-14,5465,-19,Kat Laakea,Australia,2019-03-17,37,False,Twitter,False,-1,Fall,973,133177.0,146.17,"Viral Vector, mRNA"
2021-11-26,7451,-5,Tom Ward,United States,2021-07-20,213,False,Twitter,False,1,Fall,129,1147641.0,140.43,"Viral Vector, mRNA"
2021-11-14,5465,-19,Red Wave 2022,United States,2019-10-04,38,False,Twitter,False,0,Fall,772,1448501.0,135.36,"Viral Vector, mRNA"
2021-11-18,8307,-3,BartsAbility,United States,2018-07-16,1296,False,Twitter,False,1,Fall,1221,1492430.0,137.39,"Viral Vector, mRNA"
2021-11-09,7830,27,M. Carolina,United States,2013-11-02,468,False,Twitter,False,-1,Fall,2929,1388973.0,133.24,"Viral Vector, mRNA"
2021-11-20,6636,-16,Aaditya Parekh,India,2019-05-30,0,False,Twitter,False,1,Fall,905,6357807.0,83.51,"Other, Viral Vector"
2021-11-04,7768,-1,ชานมเพิ่มมุกเพิ่มกัซ🎀,United States,2009-10-31,1102,False,Twitter,False,1,Fall,4387,1303914.0,131.26,"Viral Vector, mRNA"
2021-11-12,7999,4,David Anderson,United States,2014-01-10,4175,False,Twitter,False,1,Fall,2863,1424839.0,134.84,"Viral Vector, mRNA"
2021-11-02,7235,20,PetrichorGardener,United States,2011-04-25,75,False,Twitter,False,1,Fall,3844,1308212.0,130.31,"Viral Vector, mRNA"
2021-11-21,5315,-20,Kevin C. Nolan,India,2020-02-13,126,False,Twitter,False,-1,Fall,647,6452542.0,83.83,"Other, Viral Vector"
2021-11-19,7906,-5,"Jahangir Sartaj, MD, MPH, MSc.",Canada,2011-08-28,3721,False,Twitter,False,0,Fall,3736,62483.0,157.42,"Viral Vector, mRNA"
2021-11-05,7833,1,Sam,India,2009-07-02,50,False,Twitter,False,1,Fall,4509,3726427.0,77.35,"Other, Viral Vector"
2021-11-22,6346,19,Your Healthcare,United States,2016-12-13,338,False,Twitter,False,1,Fall,1805,1558017.0,139.11,"Viral Vector, mRNA"
2021-11-11,7668,-9,Victorious MD,United States,2009-06-08,434,False,Twitter,False,1,Fall,4539,1413414.0,134.24,"Viral Vector, mRNA"
2021-11-12,7999,4,PurplePrincess AntiTERF TeamHazelnut,United States,2012-12-28,1413,False,Twitter,False,0,Fall,3241,1424839.0,134.84,"Viral Vector, mRNA"
2021-11-03,7877,9,Debbie Dujanovic,United States,2013-08-29,4849,True,Twitter,False,-1,Fall,2988,1299807.0,130.77,"Viral Vector, mRNA"
2021-11-04,7768,-1,Judy Patrick,United States,2009-03-27,850,False,Twitter,False,1,Fall,4605,1303914.0,131.26,"Viral Vector, mRNA"
2021-11-04,7768,-1,Karpo Gaming,United States,2012-01-12,2467,False,Twitter,False,1,Fall,3584,1303914.0,131.26,"Viral Vector, mRNA"
2021-11-14,5465,-19,Valerie 💉Get Vaccinated & Mask-Up Buttercup! 😷,United States,2018-05-11,227,False,Twitter,False,-1,Fall,1283,1448501.0,135.36,"Viral Vector, mRNA"
2021-11-02,7235,20,Barry Shrier,United States,2009-06-05,5479,False,Twitter,False,0,Fall,4533,1308212.0,130.31,"Viral Vector, mRNA"
2021-11-03,7877,9,99.1 The Mix,United Kingdom,2009-04-23,11761,True,Sprout,False,1,Fall,4577,347767.0,153.79,"Viral Vector, mRNA"
2021-11-18,8307,-3,TweakerRob,United States,2012-07-12,231,False,Twitter,False,-1,Fall,3416,1492430.0,137.39,"Viral Vector, mRNA"
2021-11-03,7877,9,JMGR,United States,2017-02-16,291,False,Twitter,False,0,Fall,1721,1299807.0,130.77,"Viral Vector, mRNA"
2021-11-02,7235,20,Floydman62,United States,2016-07-09,2935,False,Twitter,False,0,Fall,1942,1308212.0,130.31,"Viral Vector, mRNA"
2021-11-12,7999,4,RedLadyPhD,United States,2017-02-10,48,False,Twitter,False,1,Fall,1736,1424839.0,134.84,"Viral Vector, mRNA"
2021-11-15,5969,9,BDB Pitmans,United States,2011-08-02,3069,False,Twitter,False,1,Fall,3758,1460947.0,135.83,"Viral Vector, mRNA"
2021-11-09,7830,27,Alliance Human Capital Management,United States,2009-10-26,167,False,Twitter,False,1,Fall,4397,1388973.0,133.24,"Viral Vector, mRNA"
2021-11-08,6178,12,Arash Mollaeian,United States,2014-08-26,316,False,Twitter,False,0,Fall,2631,1369656.0,132.75,"Viral Vector, mRNA"
2021-11-03,7877,9,Edy Agee,United States,2015-08-19,340,False,Twitter,False,0,Fall,2268,1299807.0,130.77,"Viral Vector, mRNA"
2021-11-21,5315,-20,"Kristen Stuppy, MD, FAAP",United States,2011-11-13,4247,False,Twitter,False,-1,Fall,3661,1521104.0,138.57,"Viral Vector, mRNA"
2021-11-08,6178,12,Karin,United States,2018-01-03,0,False,Twitter,False,1,Fall,1405,1369656.0,132.75,"Viral Vector, mRNA"
2021-11-13,6733,-16,Lesley,Canada,2009-03-01,251,False,Twitter,False,1,Fall,4640,63938.0,156.37,"Viral Vector, mRNA"
2021-11-18,8307,-3,Kat Ellis,United States,2019-01-06,169,False,Twitter,False,0,Fall,1047,1492430.0,137.39,"Viral Vector, mRNA"
2021-11-16,7734,30,Tezpur Buzz™,India,2019-03-29,2075,False,Twitter,False,1,Fall,963,5934296.0,81.36,"Other, Viral Vector"
2021-11-22,6346,19,Phil Burgess - Bonus Years,United States,2009-11-07,327,False,loomly,False,0,Fall,4398,1558017.0,139.11,"Viral Vector, mRNA"
2021-11-11,7668,-9,JoCroft,United States,2020-09-21,168,False,Twitter,False,-1,Fall,416,1413414.0,134.24,"Viral Vector, mRNA"
2021-11-12,7999,4,Mitul Nayak,India,2013-03-13,8,False,Twitter,False,1,Fall,3166,4804242.0,79.76,"Other, Viral Vector"
2021-11-21,5315,-20,gabolek #fbpe #ProEu #FBPPR #followback,United Kingdom,2011-09-19,3361,False,Twitter,False,0,Fall,3716,400846.0,164.61,"Viral Vector, mRNA"
2021-11-19,7906,-5,Tony Hilton,United Kingdom,2020-08-09,425,False,Twitter,False,1,Fall,467,400216.0,163.47,"Viral Vector, mRNA"
2021-11-17,8527,10,Paloma De Paz ♿,United Kingdom,2009-02-22,333,False,Twitter,False,-1,Fall,4651,399481.0,162.22,"Viral Vector, mRNA"
2021-11-14,5465,-19,Skarlette,United States,2009-03-10,71,False,Twitter,False,0,Fall,4632,1448501.0,135.36,"Viral Vector, mRNA"
2021-11-04,7768,-1,Keith Sarto,United States,2010-08-21,46,False,Twitter,False,-1,Fall,4093,1303914.0,131.26,"Viral Vector, mRNA"
2021-11-03,7877,9,India Post,United States,2009-03-24,681,False,indiapost,False,1,Fall,4607,1299807.0,130.77,"Viral Vector, mRNA"
2021-11-18,8307,-3,INFAMY,United States,2012-02-09,414,False,Twitter,False,-1,Fall,3570,1492430.0,137.39,"Viral Vector, mRNA"
2021-11-16,7734,30,Michael J. Dowling,United States,2019-06-17,3210,True,Twitter,False,1,Fall,883,1467387.0,136.33,"Viral Vector, mRNA"
2021-11-08,6178,12,Justin Baker,United States,2021-11-03,1,False,Twitter,False,1,Fall,5,1369656.0,132.75,"Viral Vector, mRNA"
2021-11-09,7830,27,Naimah Raza,United Kingdom,2009-09-28,588,False,Twitter,False,1,Fall,4425,381967.0,157.1,"Viral Vector, mRNA"
2021-11-04,7768,-1,Jen Lea 🇦🇺,Australia,2017-11-14,3596,False,Twitter,False,-1,Fall,1451,173179.0,141.07,"Viral Vector, mRNA"
2021-11-15,5969,9,Poliscikosis,United States,2012-08-11,727,False,Twitter,False,1,Fall,3383,1460947.0,135.83,"Viral Vector, mRNA"
2021-11-09,7830,27,𝙅𝙖𝙯𝙯,United States,2020-06-28,13,False,Twitter,False,0,Fall,499,1388973.0,133.24,"Viral Vector, mRNA"
2021-11-18,8307,-3,🇺🇸WRN (WE R NEWS)🇺🇸,United States,2017-08-28,857,False,Twitter,False,-1,Fall,1543,1492430.0,137.39,"Viral Vector, mRNA"
2021-11-15,5969,9,CD,United States,2019-05-17,138,False,Twitter,False,1,Fall,913,1460947.0,135.83,"Viral Vector, mRNA"
2021-11-10,8387,7,mrmonkfish65,United States,2021-10-29,20,False,Twitter,False,-1,Fall,12,1418175.0,133.76,"Viral Vector, mRNA"
2021-11-18,8307,-3,BSI Congress & Events,United Kingdom,2013-03-13,3285,False,Buffer,False,0,Fall,3172,400442.0,162.86,"Viral Vector, mRNA"
2021-11-15,5969,9,Jonathan Jackson,United States,2015-07-06,48,False,Twitter,False,1,Fall,2324,1460947.0,135.83,"Viral Vector, mRNA"
2021-11-26,7451,-5,Barbara Glickstein (She/Her),United States,2009-02-11,7158,False,Twitter,False,-1,Fall,4671,1147641.0,140.43,"Viral Vector, mRNA"
2021-11-10,8387,7,Soudabeh Imanikia🔬PhD💙,United States,2015-07-18,403,False,Twitter,False,1,Fall,2307,1418175.0,133.76,"Viral Vector, mRNA"
2021-11-03,7877,9,oh_m3ga,United States,2016-11-09,88,False,Twitter,False,-1,Fall,1820,1299807.0,130.77,"Viral Vector, mRNA"
2021-11-04,7768,-1,April Down South,United States,2008-08-18,810,False,Twitter,False,1,Fall,4826,1303914.0,131.26,"Viral Vector, mRNA"
2021-11-22,6346,19,emlyn busby,United States,2009-01-24,954,False,Twitter,False,0,Fall,4685,1558017.0,139.11,"Viral Vector, mRNA"
2021-11-02,7235,20,Sabrina Sol,United States,2011-08-05,3393,False,Twitter,False,1,Fall,3742,1308212.0,130.31,"Viral Vector, mRNA"
2021-11-25,7816,-6,HellsBells,Australia,2018-01-19,349,False,Twitter,False,1,Fall,1406,96933.0,150.87,"Viral Vector, mRNA"
2021-11-06,7052,-10,Gabriela Meillon,United States,2009-10-05,343,False,Twitter,False,0,Fall,4415,1352399.0,132.14,"Viral Vector, mRNA"
2021-11-20,6636,-16,Sundancin' Paul 🌍 🦧🌿🌈🎬⌛ 100 sec. to Midnight,United States,2012-02-19,2329,False,Twitter,False,0,Fall,3562,1512107.0,138.38,"Viral Vector, mRNA"
2021-11-19,7906,-5,NIRUPAM ACHARJEE 🇮🇳,India,2009-11-28,23,False,Twitter,False,-1,Fall,4374,6024606.0,82.79,"Other, Viral Vector"
2021-11-17,8527,10,Mitali Chandola 🇮🇳,India,2018-03-19,852,False,Twitter,False,1,Fall,1339,6171477.0,81.89,"Other, Viral Vector"
2021-11-03,7877,9,Disabled Living,United States,2010-06-08,5852,False,Twitter,False,-1,Fall,4166,1299807.0,130.77,"Viral Vector, mRNA"
2021-11-10,8387,7,Myriam Salameh MD,United States,2013-03-26,112,False,Twitter,False,1,Fall,3151,1418175.0,133.76,"Viral Vector, mRNA"
2021-11-13,6733,-16,gymnast4life,United States,2013-11-01,145,False,Twitter,False,-1,Fall,2934,1445009.0,135.19,"Viral Vector, mRNA"
2021-11-04,7768,-1,Lynn Bailie,United States,2013-09-06,114,False,Twitter,False,-1,Fall,2981,1303914.0,131.26,"Viral Vector, mRNA"
2021-11-24,8308,-2,HEALTHCARE RADIUS,India,2016-03-07,1004,False,Zoho,False,0,Fall,2088,7537503.0,85.67,"Other, Viral Vector"
2021-11-20,6636,-16,"Greg Wanner, DO",United States,2011-06-19,339,False,Twitter,False,1,Fall,3807,1512107.0,138.38,"Viral Vector, mRNA"
2021-11-13,6733,-16,Capt Shindig,United States,2013-02-15,141,False,Twitter,False,-1,Fall,3193,1445009.0,135.19,"Viral Vector, mRNA"
2021-11-18,8307,-3,Nati Diaz,United States,2020-04-27,10,False,Twitter,False,-1,Fall,570,1492430.0,137.39,"Viral Vector, mRNA"
2021-11-26,7451,-5,mr_sn_gt🇮🇳,India,2019-07-16,1555,False,Twitter,False,1,Fall,864,8166075.0,86.89,"Other, Viral Vector"
2021-11-14,5465,-19,🆃🅷🅴 🆁🅴🅰🅻🅸🆂🆃 🧐 🐾 (from 🏡),United States,2016-07-09,3971,False,Twitter,False,-1,Fall,1954,1448501.0,135.36,"Viral Vector, mRNA"
2021-11-12,7999,4,Prasanth P,India,2020-11-23,26,False,Twitter,False,1,Fall,354,4804242.0,79.76,"Other, Viral Vector"
2021-11-05,7833,1,micayla 🌻🌵,United States,2017-01-20,175,False,Twitter,False,-1,Fall,1750,1321911.0,131.83,"Viral Vector, mRNA"
2021-11-21,5315,-20,"Prof. Chandra Mittal, M.S., Ph.D., FCP",United States,2009-09-16,307,False,Twitter,False,0,Fall,4449,1521104.0,138.57,"Viral Vector, mRNA"
2021-11-13,6733,-16,CarolineJS 🎇💙🌈💙🎇,United States,2013-11-06,368,False,Twitter,False,-1,Fall,2929,1445009.0,135.19,"Viral Vector, mRNA"
2021-11-09,7830,27,Grandma Elizabeth,United States,2016-02-26,194,False,Twitter,False,-1,Fall,2083,1388973.0,133.24,"Viral Vector, mRNA"
2021-11-03,7877,9,Chris Buckley🙂,United Kingdom,2013-05-31,1872,False,Twitter,False,0,Fall,3078,347767.0,153.79,"Viral Vector, mRNA"
2021-11-18,8307,-3,Brian Hand,United States,2011-05-02,753,False,Twitter,False,0,Fall,3853,1492430.0,137.39,"Viral Vector, mRNA"
2021-11-05,7833,1,Sque Morgan,United States,2010-04-23,338,False,Twitter,False,-1,Fall,4214,1321911.0,131.83,"Viral Vector, mRNA"
2021-11-12,7999,4,*Chief *Headologist*,United States,2021-09-27,12,False,Twitter,False,-1,Fall,46,1424839.0,134.84,"Viral Vector, mRNA"
2021-11-09,7830,27,Sona Elizebeth Shaji,United States,2019-07-22,32,False,Twitter,False,0,Fall,841,1388973.0,133.24,"Viral Vector, mRNA"
2021-11-19,7906,-5,Dan Wild,United States,2019-07-18,105,False,Twitter,False,1,Fall,855,1504000.0,138.01,"Viral Vector, mRNA"
2021-11-22,6346,19,Tanya Rochester-Cooper,United States,2017-02-10,242,False,Twitter,False,0,Fall,1746,1558017.0,139.11,"Viral Vector, mRNA"
2021-11-19,7906,-5,Joey of @Dragonsandelephants she/her,United States,2008-03-25,303,False,Twitter,False,1,Fall,4987,1504000.0,138.01,"Viral Vector, mRNA"
2021-11-25,7816,-6,Vinnie Val,Australia,2021-10-15,24,False,Twitter,False,1,Fall,41,96933.0,150.87,"Viral Vector, mRNA"
2021-11-04,7768,-1,Save a Life Certifications by NHCPS,United States,2012-01-17,4481,False,Twitter,False,0,Fall,3579,1303914.0,131.26,"Viral Vector, mRNA"
2021-11-04,7768,-1,नमह भारत 🇮🇳,India,2021-04-08,25,False,Twitter,False,1,Fall,210,4949827.0,77.3,"Other, Viral Vector"
2021-11-20,6636,-16,Jenny Sylivant,United States,2015-03-02,8148,False,Twitter,False,-1,Fall,2455,1512107.0,138.38,"Viral Vector, mRNA"
2021-11-10,8387,7,Fiach Moriarty,United States,2009-09-29,2375,False,Twitter,False,0,Fall,4425,1418175.0,133.76,"Viral Vector, mRNA"
2021-11-03,7877,9,Raghav Acharya,India,2016-03-28,563,False,Twitter,False,1,Fall,2046,5498716.0,77.15,"Other, Viral Vector"
2021-11-08,6178,12,Manu,United States,2009-07-06,107,False,Twitter,False,1,Fall,4508,1369656.0,132.75,"Viral Vector, mRNA"
2021-11-09,7830,27,Katie Metcalf,United States,2009-07-13,2582,False,Twitter,False,1,Fall,4502,1388973.0,133.24,"Viral Vector, mRNA"
2021-11-06,7052,-10,Dr. Amanda Caples,Australia,2014-04-08,3051,False,Twitter,False,1,Fall,2769,168745.0,142.3,"Viral Vector, mRNA"
2021-11-23,8441,33,The National Herald,United States,2009-10-14,6574,False,TweetDeck,False,1,Fall,4423,1573280.0,139.65,"Viral Vector, mRNA"
2021-11-18,8307,-3,Evelyne Deplazes,Australia,2020-05-25,1418,False,Twitter,False,1,Fall,542,120641.0,148.24,"Viral Vector, mRNA"
2021-12-15,8332,7,Prity Patel,United States,2009-02-19,31,False,Twitter,False,-1,Winter,4682,1550896.0,149.58,"Viral Vector, mRNA"
2021-12-27,5542,29,Mike Passfield (He/Him) QN MStJ (views mine),United States,2012-11-28,1136,False,Twitter,False,1,Winter,3316,1086227.0,154.02,"Viral Vector, mRNA"
2021-12-27,5542,29,🇮🇳 iCJ (#IndiaFightingChineseVirus),India,2013-09-08,893,False,Twitter,False,1,Winter,3032,5460562.0,101.8,"Other, Viral Vector"
2021-12-04,6721,-16,Anirudh Jonnalagadda,India,2019-10-10,160,False,Twitter,False,-1,Winter,786,8759028.0,91.42,"Other, Viral Vector"
2021-12-17,7583,-1,@Geri4Truth🇺🇸,United States,2015-10-03,158,False,Twitter,False,-1,Winter,2267,1493288.0,150.66,"Viral Vector, mRNA"
2021-12-07,8152,29,Naresh Sen,United States,2010-10-04,19,False,Twitter,False,0,Winter,4082,1798222.0,145.74,"Viral Vector, mRNA"
2021-12-03,8037,1,Tammy,Canada,2020-03-05,2151,False,Twitter,False,-1,Winter,638,215924.0,162.42,"Viral Vector, mRNA"
2021-12-17,7583,-1,Jennifer Daughter of God,Canada,2009-12-09,1883,False,Twitter,False,-1,Winter,4391,226257.0,169.7,"Viral Vector, mRNA"
2021-12-04,6721,-16,VictorianAztec,United States,2014-12-29,846,False,Twitter,False,0,Winter,2532,1756971.0,144.4,"Viral Vector, mRNA"
2021-12-22,7904,4,GK,India,2015-10-16,463,False,Twitter,False,1,Winter,2259,5509274.0,99.83,"Other, Viral Vector"
2021-12-06,6335,23,Me and My World,United States,2013-06-06,539,False,Twitter,False,0,Winter,3105,1800349.0,145.17,"Viral Vector, mRNA"
2021-12-04,6721,-16,Kathleen E. Smith,United States,2011-05-20,673,False,Twitter,False,1,Winter,3851,1756971.0,144.4,"Viral Vector, mRNA"
2021-12-16,7666,-8,Charles Daniels,United States,2010-05-13,2876,False,Twitter,False,1,Winter,4235,1517817.0,150.08,"Viral Vector, mRNA"
2021-12-05,5135,-24,Dr Jane Walsh,United States,2013-09-13,3249,False,Twitter,False,1,Winter,3005,1776666.0,144.62,"Viral Vector, mRNA"
2021-12-15,8332,7,Stephanie 💙,United States,2014-08-11,132,False,Twitter,False,1,Winter,2683,1550896.0,149.58,"Viral Vector, mRNA"
2021-12-05,5135,-24,James Smith,United Kingdom,2011-07-04,440,False,Twitter,False,1,Winter,3807,439582.0,173.38,"Viral Vector, mRNA"
2021-12-13,6091,17,Jamie Stewart,United States,2011-03-10,6,False,Twitter,False,0,Winter,3931,1608140.0,148.56,"Viral Vector, mRNA"
2021-12-17,7583,-1,☭☣☢ •C.o.z.Z.@ • ☭☣☢,Australia,2009-05-16,1714,False,Twitter,False,-1,Winter,4598,139611.0,159.31,"Viral Vector, mRNA"
2021-12-04,6721,-16,L o t u s M o o n P r o d u c t i o n s,Canada,2019-01-05,422,False,Twitter,False,-1,Winter,1064,223802.0,162.74,"Viral Vector, mRNA"
2021-12-29,7701,6,Medicover Hospitals,India,2013-08-05,5679,False,Twitter,False,1,Winter,3068,6306509.0,103.0,"Other, Viral Vector"
2021-12-22,7904,4,Mohamed Abdullahi🇸🇴,United States,2010-10-20,408,False,Twitter,False,-1,Winter,4081,1563328.0,152.87,"Viral Vector, mRNA"
2021-12-22,7904,4,Jeff,United States,2015-04-25,641,False,Twitter,False,1,Winter,2433,1563328.0,152.87,"Viral Vector, mRNA"
2021-12-24,6555,-11,The Cat Cave Within,Saudi Arabia,2020-10-13,479,False,Twitter,False,1,Winter,437,137120.0,139.37,"Viral Vector, mRNA"
2021-12-30,7408,-4,Janet Fyle,United States,2009-10-13,2640,False,Twitter,False,-1,Winter,4461,1028426.0,155.48,"Viral Vector, mRNA"
2021-12-16,7666,-8,Shrewsbury Town OSC,United States,2016-06-25,1098,False,Twitter,False,1,Winter,2000,1517817.0,150.08,"Viral Vector, mRNA"
2021-12-06,6335,23,Alistair Cassidy,United States,2010-05-24,996,False,Twitter,False,-1,Winter,4214,1800349.0,145.17,"Viral Vector, mRNA"
2021-12-25,5037,-23,Mayank Singh🇮🇳,India,2009-10-04,2639,False,Twitter,False,0,Winter,4465,5846329.0,101.48,"Other, Viral Vector"
2021-12-23,7360,-7,Ishat Reza 🇵🇸,Canada,2016-07-22,17834,False,Twitter,False,1,Winter,1980,350594.0,175.3,"Viral Vector, mRNA"
2021-12-16,7666,-8,Kufamba Africa Travel,United States,2017-05-25,900,False,Twitter,False,1,Winter,1666,1517817.0,150.08,"Viral Vector, mRNA"
2021-12-08,8235,1,karolynkash🇺🇬,United States,2014-06-11,114,False,Twitter,False,1,Winter,2737,1765945.0,146.31,"Viral Vector, mRNA"
2021-12-04,6721,-16,Anne Giles Delaney,United States,2012-01-12,1137,False,Twitter,False,-1,Winter,3614,1756971.0,144.4,"Viral Vector, mRNA"
2021-12-13,6091,17,Andria Morgan,United Kingdom,2021-08-04,47,False,Twitter,False,1,Winter,131,506917.0,179.13,"Viral Vector, mRNA"
2021-12-22,7904,4,Peter van Zanten,United States,2009-07-27,210,False,Twitter,False,0,Winter,4531,1563328.0,152.87,"Viral Vector, mRNA"
2021-12-30,7408,-4,Helena Gregory,United States,2011-08-09,411,False,Twitter,False,1,Winter,3796,1028426.0,155.48,"Viral Vector, mRNA"
2021-12-06,6335,23,"Fannin County, GA Democrats",Georgia,2019-09-01,126,False,Buffer,False,1,Winter,827,11672.0,56.56,"Inactivated, Viral Vector, mRNA"
2021-12-22,7904,4,sandra💉💉💉😷🟩⬜🟪🦖🚮♻️🇬🇧,United Kingdom,2017-11-03,467,False,Twitter,False,1,Winter,1510,970350.0,191.35,"Viral Vector, mRNA"
2021-12-06,6335,23,Anthony Jaworski,United States,2016-01-03,21,False,Twitter,False,1,Winter,2164,1800349.0,145.17,"Viral Vector, mRNA"
2021-12-04,6721,-16,Avishek Choudhury,United States,2011-12-27,1346,False,Twitter,False,1,Winter,3630,1756971.0,144.4,"Viral Vector, mRNA"
2021-12-24,6555,-11,Mogsiemus,United States,2012-09-24,905,False,Twitter,False,-1,Winter,3378,1311660.0,153.42,"Viral Vector, mRNA"
2021-12-10,8183,-3,Ali H 🕷💙,United States,2014-07-22,6424,False,Twitter,False,1,Winter,2698,1684315.0,147.51,"Viral Vector, mRNA"
2021-12-04,6721,-16,The Party is Over,United States,2020-06-16,1466,False,Twitter,False,-1,Winter,536,1756971.0,144.4,"Viral Vector, mRNA"
2021-12-22,7904,4,Jessica Moore,United States,2010-06-28,1259,False,Twitter,False,0,Winter,4195,1563328.0,152.87,"Viral Vector, mRNA"
2021-12-07,8152,29,Sara Krenosky,Canada,2011-03-31,126,False,Twitter,False,0,Winter,3904,244913.0,163.97,"Viral Vector, mRNA"
2021-12-15,8332,7,"Paula Robeson, RN, MScN",Canada,2009-12-08,1650,False,Twitter,False,1,Winter,4390,197044.0,168.08,"Viral Vector, mRNA"
2021-12-04,6721,-16,Richard Taylor,United States,2017-05-13,120,False,Twitter,False,1,Winter,1666,1756971.0,144.4,"Viral Vector, mRNA"
2021-12-09,8403,2,"Larry Underwood: ""Taking A Stand Against Trumpism""",United States,2009-03-22,21225,False,Twitter,False,-1,Winter,4645,1731746.0,146.88,"Viral Vector, mRNA"
2021-12-26,4310,-14,Sleepwalk No More❗️,Canada,2014-03-06,2549,False,Twitter,False,0,Winter,2852,304610.0,176.55,"Viral Vector, mRNA"
2021-12-30,7408,-4,Niambh Be Kind - Respect Others - Wear a mask 🇮🇪,United States,2012-09-22,1957,False,Twitter,False,1,Winter,3386,1028426.0,155.48,"Viral Vector, mRNA"
2021-12-05,5135,-24,360 on History,United Kingdom,2017-06-21,859,False,Buffer,False,-1,Winter,1628,439582.0,173.38,"Viral Vector, mRNA"
2021-12-15,8332,7,Zen Haus,United States,2015-11-07,54,False,Buffer,False,1,Winter,2230,1550896.0,149.58,"Viral Vector, mRNA"
2021-12-04,6721,-16,Covidfatalityrateinunder70s is0.05percent,United Kingdom,2021-08-17,31,False,Twitter,False,1,Winter,109,439152.0,172.88,"Viral Vector, mRNA"
2021-12-08,8235,1,🇬🇧Nick🏴󠁧󠁢󠁷󠁬󠁳󠁿🏴󠁧󠁢󠁳󠁣󠁴󠁿🏴󠁧󠁢󠁥󠁮󠁧󠁿,United Kingdom,2010-04-15,304,False,Twitter,False,-1,Winter,4255,438754.0,175.26,"Viral Vector, mRNA"
2021-12-14,7817,28,#TheUncapturedActivist ✊🏿,South Africa,2012-04-13,30354,False,Twitter,False,1,Winter,3532,94176.0,45.47,"Viral Vector, mRNA"
2021-12-04,6721,-16,brian hart 🏴󠁧󠁢󠁳󠁣󠁴󠁿,United States,2013-01-08,504,False,Twitter,False,0,Winter,3252,1756971.0,144.4,"Viral Vector, mRNA"
2021-12-05,5135,-24,Plain Jane and #FB #FBPPR 💙,United Kingdom,2013-10-25,5151,False,Twitter,False,1,Winter,2963,439582.0,173.38,"Viral Vector, mRNA"
2021-12-09,8403,2,All India Dental Student Association/DENTODONTICS,India,2021-06-20,752,False,Twitter,False,0,Winter,172,7482590.0,93.89,"Other, Viral Vector"
2021-12-22,7904,4,Sally Forth and carry on!,United States,2009-04-14,7015,False,Twitter,False,-1,Winter,4635,1563328.0,152.87,"Viral Vector, mRNA"
2021-12-22,7904,4,Blair,United States,2016-07-19,130,False,Twitter,False,1,Winter,1982,1563328.0,152.87,"Viral Vector, mRNA"
2021-12-15,8332,7,Helen Kwaka,United States,2009-03-09,283,False,Twitter,False,1,Winter,4664,1550896.0,149.58,"Viral Vector, mRNA"
2021-12-04,6721,-16,MRC Warrior,United States,2020-06-06,88,False,Twitter,False,0,Winter,546,1756971.0,144.4,"Viral Vector, mRNA"
2021-12-06,6335,23,The Ishaan S. Show,United States,2021-06-23,10,False,Twitter,False,0,Winter,166,1800349.0,145.17,"Viral Vector, mRNA"
2021-12-06,6335,23,Anshuman sharma,India,2018-05-25,17,False,Twitter,False,1,Winter,1291,7889437.0,92.13,"Other, Viral Vector"
2021-12-07,8152,29,Community School District 14,United States,2021-10-21,14,False,Twitter,False,0,Winter,47,1798222.0,145.74,"Viral Vector, mRNA"
2021-12-16,7666,-8,Fyezah Jehan 👩🏻‍💻🇵🇰,Pakistan,2012-09-24,2688,False,Twitter,False,1,Winter,3370,1007747.0,61.44,"Inactivated, Other, Viral Vector, mRNA"
2021-12-10,8183,-3,HealthyOxon,United States,2015-07-09,795,False,Twitter,False,1,Winter,2346,1684315.0,147.51,"Viral Vector, mRNA"
2021-12-04,6721,-16,Pearl 🧩💙(She/Her) get💉 PhD Student,United States,2009-02-13,1183,False,Twitter,False,-1,Winter,4677,1756971.0,144.4,"Viral Vector, mRNA"
2021-12-30,7408,-4,Dr Maimoona. MD,United States,2019-09-21,96,False,Twitter,False,1,Winter,831,1028426.0,155.48,"Viral Vector, mRNA"
2021-12-28,7286,31,NHS Greater Glasgow and Clyde,United States,2011-01-24,31870,True,Sprout,False,1,Winter,3991,1046180.0,154.53,"Viral Vector, mRNA"
2021-12-17,7583,-1,"Ann DeShong, MD",United States,2013-03-09,489,False,Twitter,False,-1,Winter,3205,1493288.0,150.66,"Viral Vector, mRNA"
2021-12-04,6721,-16,FULLY VAXXED DOG MOM🐾🐶,United States,2017-01-21,5182,False,Twitter,False,0,Winter,1778,1756971.0,144.4,"Viral Vector, mRNA"
2021-12-05,5135,-24,Freedom Alternative🇻🇪,United States,2015-06-30,855,False,Twitter,False,0,Winter,2350,1776666.0,144.62,"Viral Vector, mRNA"
2021-12-30,7408,-4,Linda Girgis MD,United States,2013-07-06,111002,True,Twitter,False,-1,Winter,3099,1028426.0,155.48,"Viral Vector, mRNA"
2021-12-08,8235,1,Rachael Turner,United States,2012-07-20,143,False,Twitter,False,-1,Winter,3428,1765945.0,146.31,"Viral Vector, mRNA"
2021-12-17,7583,-1,Patriot News,United States,2021-09-21,269,False,Twitter,False,1,Winter,87,1493288.0,150.66,"Viral Vector, mRNA"
2021-12-22,7904,4,Hani,United Kingdom,2012-06-03,1671,False,Twitter,False,1,Winter,3489,970350.0,191.35,"Viral Vector, mRNA"
2021-12-05,5135,-24,Paul,United States,2009-09-08,51,False,TweetDeck,False,-1,Winter,4471,1776666.0,144.62,"Viral Vector, mRNA"
2021-12-05,5135,-24,The Last Girly Swots to join Tw❄️tter! 😷 💙,United Kingdom,2018-01-14,5388,False,Twitter,False,1,Winter,1421,439582.0,173.38,"Viral Vector, mRNA"
2021-12-04,6721,-16,Lalmani Tiwari,India,2012-04-05,6424,False,Twitter,False,0,Winter,3530,8759028.0,91.42,"Other, Viral Vector"
2021-12-16,7666,-8,Charlie,United States,2009-02-18,426,False,TweetDeck,False,0,Winter,4684,1517817.0,150.08,"Viral Vector, mRNA"
2021-12-08,8235,1,Denga👑 Shonisani👑🇿🇦,South Africa,2012-06-22,10616,False,Twitter,False,0,Winter,3456,142769.0,44.6,"Viral Vector, mRNA"
2021-12-10,8183,-3,Starting Out Strong,United States,2020-11-09,29,False,Twitter,False,1,Winter,396,1684315.0,147.51,"Viral Vector, mRNA"
2021-12-27,5542,29,find common ground on today's issues,Canada,2011-08-25,1035,False,Twitter,False,-1,Winter,3777,270056.0,176.76,"Viral Vector, mRNA"
2021-12-12,5201,-21,Na'eem Ahmed,United Kingdom,2011-11-16,4636,False,Twitter,False,1,Winter,3679,479968.0,178.3,"Viral Vector, mRNA"
2021-12-05,5135,-24,Jai Ho,India,2015-09-18,10,False,Twitter,False,1,Winter,2270,7938408.0,91.77,"Other, Viral Vector"
2021-12-05,5135,-24,Laila Dogra (लैला डोगरा)🇮🇳,India,2021-11-18,378,False,Twitter,False,0,Winter,17,7938408.0,91.77,"Other, Viral Vector"
2021-12-10,8183,-3,Living Options Devon,United Kingdom,2009-06-25,2421,False,hootsuite inc.,False,1,Winter,4551,451688.0,176.74,"Viral Vector, mRNA"
2021-12-04,6721,-16,E.H. Hau #GetVaccinated 🍁🌈,Canada,2013-07-25,90619,False,Twitter,False,1,Winter,3054,223802.0,162.74,"Viral Vector, mRNA"
2021-12-05,5135,-24,"Boycott Beijing 2022, Karl von Highgate",United Kingdom,2021-01-18,22,False,Twitter,False,-1,Winter,321,439582.0,173.38,"Viral Vector, mRNA"
2021-12-26,4310,-14,🌸 Elsie 🌸,United States,2021-11-06,415,False,Twitter,False,0,Winter,50,1130784.0,153.57,"Viral Vector, mRNA"
2021-12-17,7583,-1,Minhazul Abedin,United States,2019-12-28,6,False,Twitter,False,1,Winter,720,1493288.0,150.66,"Viral Vector, mRNA"
2021-12-08,8235,1,Sue Woledge,United States,2021-09-10,2,False,Twitter,False,-1,Winter,89,1765945.0,146.31,"Viral Vector, mRNA"
2021-12-04,6721,-16,Priyanka Banubakode,India,2014-06-10,86,False,Twitter,False,0,Winter,2734,8759028.0,91.42,"Other, Viral Vector"
2021-12-13,6091,17,Jones for Assembly,United States,2016-03-22,310,False,Twitter,False,1,Winter,2092,1608140.0,148.56,"Viral Vector, mRNA"
2021-12-22,7904,4,Lillian Saleh,Australia,2014-01-27,4046,True,Twitter,False,0,Winter,2886,170287.0,162.35,"Viral Vector, mRNA"
2021-12-05,5135,-24,Jamie Hannan,United States,2021-01-07,47,False,Twitter,False,1,Winter,332,1776666.0,144.62,"Viral Vector, mRNA"
2021-12-04,6721,-16,Paulo Calderini 🇮🇹,United States,2012-06-28,75,False,Twitter,False,1,Winter,3446,1756971.0,144.4,"Viral Vector, mRNA"
2021-12-28,7286,31,"Kathryn Marwitz, PharmD, MPH (she/her)",United States,2009-06-25,422,False,Twitter,False,0,Winter,4569,1046180.0,154.53,"Viral Vector, mRNA"
2021-12-22,7904,4,Sneapster,United Kingdom,2010-04-24,471,False,Twitter,False,-1,Winter,4260,970350.0,191.35,"Viral Vector, mRNA"
2021-12-30,7408,-4,Penn Asian Senior Services,United States,2013-05-10,646,False,Twitter,False,1,Winter,3156,1028426.0,155.48,"Viral Vector, mRNA"
2021-12-04,6721,-16,Sigfried the snek🍥,United States,2013-02-17,67,False,Twitter,False,-1,Winter,3212,1756971.0,144.4,"Viral Vector, mRNA"
2021-12-23,7360,-7,Raymond Philippe ✍,United States,2008-06-14,82156,False,Twitter,False,1,Winter,4940,1530979.0,153.31,"Viral Vector, mRNA"
2021-12-07,8152,29,Cale Vickers,United States,2021-10-15,4,False,Twitter,False,0,Winter,53,1798222.0,145.74,"Viral Vector, mRNA"
2021-12-05,5135,-24,NdiMunaUganda,United States,2021-12-05,168,False,Twitter,False,0,Winter,0,1776666.0,144.62,"Viral Vector, mRNA"
2021-12-22,7904,4,TP digital - Wix Partner | Wix Web Design Agency,United Kingdom,2015-02-03,1254,False,Twitter,False,1,Winter,2514,970350.0,191.35,"Viral Vector, mRNA"
2021-12-17,7583,-1,Suleman Raza,United States,2018-03-26,1689,False,Twitter,False,1,Winter,1362,1493288.0,150.66,"Viral Vector, mRNA"
2021-12-04,6721,-16,PS 75,United States,2017-07-31,510,False,Twitter,False,1,Winter,1587,1756971.0,144.4,"Viral Vector, mRNA"
2021-12-10,8183,-3,nss_bitd,United States,2020-04-07,274,False,Twitter,False,0,Winter,612,1684315.0,147.51,"Viral Vector, mRNA"
2021-12-10,8183,-3,CanadianPM,Canada,2008-05-09,575333,True,Twitter,False,0,Winter,4963,169823.0,165.54,"Viral Vector, mRNA"
2021-12-13,6091,17,NY Assemblyman Jones,United States,2017-01-13,1726,False,Twitter,False,1,Winter,1795,1608140.0,148.56,"Viral Vector, mRNA"
2021-12-28,7286,31,NHS East of England,United Kingdom,2019-02-20,5130,True,TweetDeck,False,0,Winter,1042,363148.0,193.71,"Viral Vector, mRNA"
2021-12-04,6721,-16,RedStateAbroad 🇺🇸🇬🇧,United Kingdom,2016-11-21,488,False,Twitter,False,-1,Winter,1839,439152.0,172.88,"Viral Vector, mRNA"
2021-12-05,5135,-24,LCSWMama in CO,United States,2012-11-21,254,False,Twitter,False,0,Winter,3301,1776666.0,144.62,"Viral Vector, mRNA"
2021-12-28,7286,31,JudgeJohnDeed,South Africa,2011-05-10,81395,False,Twitter,False,-1,Winter,3885,27027.0,46.39,"Viral Vector, mRNA"
2021-12-06,6335,23,Benji Seitlhamo,South Africa,2012-05-07,7426,False,Twitter,False,1,Winter,3500,148807.0,44.12,"Viral Vector, mRNA"
2021-12-14,7817,28,DH Immuno,France,2018-11-24,36,False,Twitter,False,1,Winter,1116,669632.0,170.37,"Viral Vector, mRNA"
2021-12-23,7360,-7,Emilie KB,United States,2019-03-09,474,False,Twitter,False,0,Winter,1020,1530979.0,153.31,"Viral Vector, mRNA"
2021-12-22,7904,4,MzJd ❤📚☕,United States,2014-06-01,2483,False,Twitter,False,1,Winter,2761,1563328.0,152.87,"Viral Vector, mRNA"
2021-12-05,5135,-24,BlackRobePatriot,United States,2015-06-18,653,False,Twitter,False,-1,Winter,2362,1776666.0,144.62,"Viral Vector, mRNA"
2021-12-14,7817,28,For Every Children Peace - FECP,United States,2021-11-12,2,False,Twitter,False,0,Winter,32,1580486.0,149.07,"Viral Vector, mRNA"
2021-12-09,8403,2,Sarra Jamieson,Australia,2012-10-19,118,False,Twitter,False,0,Winter,3338,77811.0,155.18,"Viral Vector, mRNA"
2021-12-23,7360,-7,The Mounts Medical Centre,United States,2021-09-08,0,False,Twitter,False,1,Winter,106,1530979.0,153.31,"Viral Vector, mRNA"
2021-12-22,7904,4,Armchair Opinionist,United Kingdom,2016-10-11,74,False,Twitter,False,-1,Winter,1898,970350.0,191.35,"Viral Vector, mRNA"
2021-12-08,8235,1,RepStar,United States,2015-03-23,1165,False,Twitter,False,-1,Winter,2452,1765945.0,146.31,"Viral Vector, mRNA"
2021-12-05,5135,-24,Cpl Ryan W. Voll ret,Canada,2012-12-23,357,False,Twitter,False,1,Winter,3269,228348.0,163.02,"Viral Vector, mRNA"
2021-12-07,8152,29,💛🐝💙 Cath B 💙🐝💛,United Kingdom,2009-06-10,871,False,Twitter,False,-1,Winter,4563,438818.0,174.58,"Viral Vector, mRNA"
2022-01-11,8683,43,Doc Holliday ⚰️ Say When,United States,2020-10-13,157,False,Twitter,False,-1,Winter,455,1214553.0,159.19,"Viral Vector, mRNA"
2022-01-29,9432,-16,🤍soph,United States,2012-04-20,18462,False,Twitter,False,1,Winter,3571,688925.0,163.79,"Viral Vector, mRNA"
2022-01-10,6085,24,Grace,United States,2008-11-04,340,False,Twitter,False,0,Winter,4815,1230097.0,158.8,"Viral Vector, mRNA"
2022-01-31,9108,17,Shadowland,United States,2014-04-27,198,False,Twitter,False,0,Winter,2836,656463.0,164.06,"Viral Vector, mRNA"
2022-01-10,6085,24,Dr.Pragnesh V`Jani,India,2011-04-08,840,False,Twitter,False,1,Winter,3930,8528083.0,109.39,"Other, Viral Vector"
2022-01-11,8683,43,Backchod Indian,India,2019-11-11,4745,False,Twitter,False,0,Winter,792,9358811.0,110.37,"Other, Viral Vector"
2022-01-12,8683,0,Priceless Opinion,United Kingdom,2013-09-14,415,False,Twitter,False,1,Winter,3042,234520.0,199.27,"Viral Vector, mRNA"
2022-01-13,8469,-2,EHealth Ireland,United States,2014-11-24,10843,True,Twitter,False,0,Winter,2607,1170714.0,159.95,"Viral Vector, mRNA"
2022-01-21,9487,-5,Sunny Ro,United States,2018-10-15,426,False,Twitter,False,1,Winter,1194,839148.0,162.16,"Viral Vector, mRNA"
2022-01-20,9994,5,Pharmacy Magazine,United Kingdom,2015-03-24,3316,False,Twitter,False,0,Winter,2494,134613.0,200.89,"Viral Vector, mRNA"
2022-01-18,8792,31,The Steelworker’s Daughter✊,United States,2014-06-28,3608,False,Twitter,False,0,Winter,2761,991591.0,161.28,"Viral Vector, mRNA"
2022-01-20,9994,5,Anthony Squires,United Kingdom,2013-09-11,5162,False,Twitter,False,0,Winter,3053,134613.0,200.89,"Viral Vector, mRNA"
2022-01-10,6085,24,Akshay Tyagi,India,2010-04-26,1375,False,Twitter,False,0,Winter,4277,8528083.0,109.39,"Other, Viral Vector"
2022-01-21,9487,-5,🇺🇸 Rebel by Birth 🇺🇸,United States,2010-10-18,414,False,Twitter,False,-1,Winter,4113,839148.0,162.16,"Viral Vector, mRNA"
2022-01-28,11240,2,TLD,United States,2011-10-16,12,False,Twitter,False,1,Winter,3757,709602.0,163.65,"Viral Vector, mRNA"
2022-01-27,11006,0,Rebecca Dunkerley (she/her),United States,2009-07-06,695,False,Twitter,False,1,Winter,4588,726664.0,163.37,"Viral Vector, mRNA"
2022-01-28,11240,2,SonyaRita ☮️,United States,2009-08-07,52,False,Twitter,False,-1,Winter,4557,709602.0,163.65,"Viral Vector, mRNA"
2022-01-11,8683,43,Kev,United Kingdom,2015-07-27,604,False,Twitter,False,-1,Winter,2360,254760.0,199.01,"Viral Vector, mRNA"
2022-01-09,4921,-21,Bryan Martin OAM,Australia,2012-02-01,6692,False,Twitter,False,1,Winter,3630,188334.0,170.96,"Viral Vector, mRNA"
2022-01-17,6711,12,Maayan Jaffe-Hoffman,United States,2014-03-26,1699,True,Twitter,False,-1,Winter,2854,1035245.0,160.98,"Viral Vector, mRNA"
2022-01-11,8683,43,"NB, MD",United States,2020-03-19,671,False,Twitter,False,0,Winter,663,1214553.0,159.19,"Viral Vector, mRNA"
2022-01-12,8683,0,Diane Weis,United States,2009-04-15,1172,False,Twitter,False,0,Winter,4655,1194960.0,159.57,"Viral Vector, mRNA"
2022-01-28,11240,2,"John M. Talmadge, MD",United States,2015-04-16,52128,False,Twitter,False,-1,Winter,2479,709602.0,163.65,"Viral Vector, mRNA"
2022-01-06,7662,1,Madame Justice 👩🏻‍⚖️,United States,2018-10-23,755,False,Twitter,False,1,Winter,1171,951734.0,157.48,"Viral Vector, mRNA"
2022-01-08,6265,-12,TusharVijh,India,2015-08-19,89,False,Twitter,False,1,Winter,2334,7705373.0,108.22,"Other, Viral Vector"
2022-01-16,6002,-16,"Cynthia Flynn, MD",United States,2013-06-29,818,False,Twitter,False,1,Winter,3123,1095468.0,160.74,"Viral Vector, mRNA"
2022-01-12,8683,0,Derrek's Bags,United States,2021-08-04,65,False,Twitter,False,0,Winter,161,1194960.0,159.57,"Viral Vector, mRNA"
2022-01-11,8683,43,Theresa,United States,2017-10-29,5146,False,Twitter,False,-1,Winter,1535,1214553.0,159.19,"Viral Vector, mRNA"
2022-01-11,8683,43,Mel McDowall,United States,2013-12-05,549,False,Twitter,False,1,Winter,2959,1214553.0,159.19,"Viral Vector, mRNA"
2022-01-12,8683,0,Kāsh,United States,2015-01-01,2000,False,Twitter,False,1,Winter,2568,1194960.0,159.57,"Viral Vector, mRNA"
2022-01-12,8683,0,Rob Adler,United States,2018-02-08,183,False,Twitter,False,0,Winter,1434,1194960.0,159.57,"Viral Vector, mRNA"
2022-01-09,4921,-21,Jamie Jinkerson,United States,2011-05-08,145,False,Twitter,False,0,Winter,3899,1228253.0,158.43,"Viral Vector, mRNA"
2022-01-16,6002,-16,NYSE,United States,2017-02-27,479,False,Twitter,False,-1,Winter,1784,1095468.0,160.74,"Viral Vector, mRNA"
2022-01-11,8683,43,deBeauxOs,Canada,2010-12-05,4845,False,Twitter,False,1,Winter,4055,367720.0,189.49,"Viral Vector, mRNA"
2022-01-12,8683,0,cool_kim21 -- Let's Go Brandon,United States,2008-08-31,516,False,Twitter,False,-1,Winter,4882,1194960.0,159.57,"Viral Vector, mRNA"
2022-01-13,8469,-2,Strange STEM news,Australia,2022-01-12,3,False,Twitter,False,-1,Winter,1,261844.0,176.02,"Viral Vector, mRNA"
2022-01-18,8792,31,Journalist Support Committee,United States,2020-08-14,493,False,Twitter,False,0,Winter,522,991591.0,161.28,"Viral Vector, mRNA"
2022-01-11,8683,43,Venu,United States,2010-02-23,71,False,Twitter,False,0,Winter,4340,1214553.0,159.19,"Viral Vector, mRNA"
2022-01-31,9108,17,OCRC,United States,2015-07-24,5279,False,hootsuite inc.,False,1,Winter,2383,656463.0,164.06,"Viral Vector, mRNA"
2022-01-13,8469,-2,Sharon Bartter♻️🌱,United Kingdom,2013-09-20,291,False,Twitter,False,1,Winter,3037,216703.0,199.51,"Viral Vector, mRNA"
2022-01-22,7774,-18,Sonia Sonu,United States,2019-08-09,62,False,Twitter,False,1,Winter,897,814849.0,162.34,"Viral Vector, mRNA"
2022-01-28,11240,2,Powersurge,United States,2018-10-25,103,False,Twitter,False,0,Winter,1191,709602.0,163.65,"Viral Vector, mRNA"
2022-01-13,8469,-2,Ir.Kumar,United States,2011-04-30,4999,False,Twitter,False,1,Winter,3911,1170714.0,159.95,"Viral Vector, mRNA"
2022-01-20,9994,5,PoliSam ⚖️ JusticeGuy 🚀✌🏽☮️🌸,Australia,2016-05-15,254,False,Twitter,False,0,Winter,2076,281928.0,183.67,"Viral Vector, mRNA"
2022-01-21,9487,-5,Marte C W Solheim,Norway,2013-09-08,3221,False,Twitter,False,1,Winter,3057,42386.0,197.68,mRNA
2022-01-07,7089,-7,Komal🔱🇮🇳,India,2020-12-11,932,False,Twitter,False,0,Winter,392,8103784.0,108.05,"Other, Viral Vector"
2022-01-16,6002,-16,Chef L'âne,Canada,2011-06-14,73,False,Twitter,False,1,Winter,3869,362542.0,194.0,"Viral Vector, mRNA"
2022-01-17,6711,12,"SuzAnne, Slave to a spoilt poodle 🐩",United States,2014-05-09,112,False,Twitter,False,0,Winter,2810,1035245.0,160.98,"Viral Vector, mRNA"
2022-01-10,6085,24,Joe Marr,United States,2020-01-08,59,False,Twitter,False,1,Winter,733,1230097.0,158.8,"Viral Vector, mRNA"
2022-01-28,11240,2,Kimberly DeaBueno,United States,2016-10-29,2871,False,Twitter,False,-1,Winter,1917,709602.0,163.65,"Viral Vector, mRNA"
2022-01-09,4921,-21,Johnny Grunas 🇺🇸🇱🇹 グラナズ・ジョニー,United States,2010-12-06,458,False,Twitter,False,1,Winter,4052,1228253.0,158.43,"Viral Vector, mRNA"
2022-01-11,8683,43,Matt,Australia,2009-05-20,4440,False,Twitter,False,1,Winter,4619,239447.0,173.34,"Viral Vector, mRNA"
2022-01-19,9547,9,CAMH,Canada,2009-04-30,63527,True,hootsuite inc.,False,1,Winter,4647,338530.0,196.77,"Viral Vector, mRNA"
2022-01-13,8469,-2,Final Trashformation,United States,2021-10-13,4,False,Twitter,False,1,Winter,92,1170714.0,159.95,"Viral Vector, mRNA"
2022-01-31,9108,17,Ashish Singh Baghel,Norway,2014-08-24,127,False,Twitter,False,0,Winter,2717,25669.0,201.55,mRNA
2022-01-14,8338,-2,Boston Athlete Magazine,United States,2018-11-29,677,False,Twitter,False,1,Winter,1142,1146655.0,160.39,"Viral Vector, mRNA"
2022-01-12,8683,0,Corn Pop,United States,2021-08-20,12,False,Twitter,False,-1,Winter,145,1194960.0,159.57,"Viral Vector, mRNA"
2022-01-10,6085,24,Gareth W. Young,United States,2012-05-18,898,False,Twitter,False,0,Winter,3524,1230097.0,158.8,"Viral Vector, mRNA"
2022-01-08,6265,-12,Hughesy 😈 ☯️ 😇,United Kingdom,2009-02-18,106,False,Twitter,False,-1,Winter,4707,260816.0,198.16,"Viral Vector, mRNA"
2022-01-11,8683,43,e1iterate,United States,2009-09-29,263,False,Twitter,False,0,Winter,4487,1214553.0,159.19,"Viral Vector, mRNA"
2022-01-10,6085,24,Ella Chacha 🌻🍰💄💃❄️,United States,2015-05-25,436,False,Twitter,False,1,Winter,2422,1230097.0,158.8,"Viral Vector, mRNA"
2022-01-27,11006,0,Lyn Romeo,United States,2013-09-19,12537,False,Twitter,False,0,Winter,3052,726664.0,163.37,"Viral Vector, mRNA"
2022-01-12,8683,0,Carissa Sarreal,United States,2009-01-26,80,False,Twitter,False,1,Winter,4734,1194960.0,159.57,"Viral Vector, mRNA"
2022-01-11,8683,43,MP Shah Hospital,United States,2013-11-07,4168,False,Twitter,False,-1,Winter,2987,1214553.0,159.19,"Viral Vector, mRNA"
2022-01-18,8792,31,"Jordan Potter, PhD, HEC-C",United States,2018-07-31,788,False,Twitter,False,0,Winter,1267,991591.0,161.28,"Viral Vector, mRNA"
2022-01-10,6085,24,#STOPPIT-3,United States,2014-08-27,653,False,Twitter,False,0,Winter,2693,1230097.0,158.8,"Viral Vector, mRNA"
2022-01-12,8683,0,Juan Carlos,United States,2011-04-29,303,False,Twitter,False,-1,Winter,3911,1194960.0,159.57,"Viral Vector, mRNA"
2022-01-20,9994,5,Dianne Mower,United Kingdom,2010-07-23,1205,False,Twitter,False,-1,Winter,4199,134613.0,200.89,"Viral Vector, mRNA"
2022-01-11,8683,43,Ruth Hazleton 🪕🎸,Australia,2014-10-08,671,False,Twitter,False,1,Winter,2652,239447.0,173.34,"Viral Vector, mRNA"
2022-01-12,8683,0,Ground Report,India,2018-07-10,1025,False,Twitter,False,-1,Winter,1282,8870535.0,110.83,"Other, Viral Vector"
2022-01-09,4921,-21,Anthony,United States,2014-02-26,78,False,Twitter,False,1,Winter,2874,1228253.0,158.43,"Viral Vector, mRNA"
2022-01-31,9108,17,minikez,United States,2011-09-11,581,False,Twitter,False,0,Winter,3795,656463.0,164.06,"Viral Vector, mRNA"
2022-01-09,4921,-21,Hemant Kumar,India,2021-01-24,71,False,Twitter,False,1,Winter,350,8731293.0,108.92,"Other, Viral Vector"
2022-01-08,6265,-12,"🏴‍☠️CURRENT NAME, CURRENT RACE🇺🇸",United States,2021-10-12,3,False,Twitter,False,0,Winter,88,1228650.0,158.28,"Viral Vector, mRNA"
2022-01-17,6711,12,Katerina5k,United States,2012-03-20,1038,False,Twitter,False,1,Winter,3590,1035245.0,160.98,"Viral Vector, mRNA"
2022-01-11,8683,43,Dr Mahima Bakshi,India,2014-01-27,396,False,Twitter,False,1,Winter,2906,9358811.0,110.37,"Other, Viral Vector"
2022-01-12,8683,0,Anthony Sullivan,United States,2015-11-26,26,False,Twitter,False,1,Winter,2239,1194960.0,159.57,"Viral Vector, mRNA"
2022-01-30,7765,-18,Civics 101,United States,2017-02-27,4076,False,Twitter,False,-1,Winter,1798,679618.0,163.87,"Viral Vector, mRNA"
2022-01-31,9108,17,iVyasa,India,2017-11-05,116,False,Twitter,False,0,Winter,1548,5909456.0,119.48,"Other, Viral Vector"
2022-01-21,9487,-5,SEPA MUJER,United States,2011-10-25,311,False,Buffer,False,0,Winter,3741,839148.0,162.16,"Viral Vector, mRNA"
2022-01-12,8683,0,Intuition,United States,2018-10-05,4002,False,Twitter,False,1,Winter,1195,1194960.0,159.57,"Viral Vector, mRNA"
2022-01-30,7765,-18,Sakkaf Ahmed Aftab,United States,2016-03-11,2253,False,Twitter,False,1,Winter,2151,679618.0,163.87,"Viral Vector, mRNA"
2022-01-25,10593,37,Major Bertie Bramblebush,United States,2019-06-10,213,False,Twitter,False,-1,Winter,960,773469.0,162.91,"Viral Vector, mRNA"
2022-01-19,9547,9,S3xyR3dd,United States,2011-03-07,802,False,Twitter,False,-1,Winter,3971,944851.0,161.56,"Viral Vector, mRNA"
2022-01-10,6085,24,James W Rife,United States,2009-09-24,648,False,Twitter,False,0,Winter,4491,1230097.0,158.8,"Viral Vector, mRNA"
2022-01-10,6085,24,Leo Harverson,United Kingdom,2011-11-15,373,False,Twitter,False,1,Winter,3709,269178.0,198.74,"Viral Vector, mRNA"
2022-01-12,8683,0,My UK Education,United Kingdom,2020-07-02,10,False,Twitter,False,1,Winter,559,234520.0,199.27,"Viral Vector, mRNA"
2022-01-18,8792,31,Vundyala Phani Shekhar Reddy,India,2020-05-17,99,False,Twitter,False,1,Winter,611,5452050.0,113.1,"Other, Viral Vector"
2022-01-09,4921,-21,Justine Miller,United States,2012-01-04,1598,True,Twitter,False,1,Winter,3658,1228253.0,158.43,"Viral Vector, mRNA"
2022-01-16,6002,-16,Coal Region Canary 🐤,United States,2017-07-22,719,False,TweetDeck,False,0,Winter,1639,1095468.0,160.74,"Viral Vector, mRNA"
2022-01-18,8792,31,Mari Rodriguez 🇨🇺🇺🇸,United States,2021-10-09,732,False,Twitter,False,1,Winter,101,991591.0,161.28,"Viral Vector, mRNA"
2022-01-10,6085,24,Raman Phogat,India,2020-07-16,57,False,Twitter,False,-1,Winter,543,8528083.0,109.39,"Other, Viral Vector"
2022-01-14,8338,-2,Cara Heuser MD,United States,2011-08-08,496,False,Twitter,False,0,Winter,3812,1146655.0,160.39,"Viral Vector, mRNA"
2022-01-20,9994,5,Nickla Roberts-Byrd,United States,2012-01-04,4063,False,Twitter,False,0,Winter,3669,894792.0,161.84,"Viral Vector, mRNA"
2022-01-12,8683,0,Crazy Mercenary,United States,2018-09-15,72,False,Twitter,False,1,Winter,1215,1194960.0,159.57,"Viral Vector, mRNA"
2022-01-30,7765,-18,Dr Thomas Richardson,United States,2015-07-09,2091,False,Twitter,False,1,Winter,2397,679618.0,163.87,"Viral Vector, mRNA"
2022-01-12,8683,0,©️🦅|P.R.O. ಶಂಕರ್‌‌‌‌‌,India,2019-05-15,1057,False,Twitter,False,1,Winter,973,8870535.0,110.83,"Other, Viral Vector"
2022-01-16,6002,-16,सिंह Singh🇮🇳 108,United States,2011-09-17,6006,False,Twitter,False,0,Winter,3774,1095468.0,160.74,"Viral Vector, mRNA"
2022-01-11,8683,43,Sinéad Jones,United States,2013-10-02,4218,False,Twitter,False,-1,Winter,3023,1214553.0,159.19,"Viral Vector, mRNA"
2022-01-20,9994,5,Christian Doctrine,United Kingdom,2010-05-20,74,False,Twitter,False,-1,Winter,4263,134613.0,200.89,"Viral Vector, mRNA"
2022-01-06,7662,1,Edward King,Canada,2015-03-28,67,False,Twitter,False,1,Winter,2476,277600.0,184.86,"Viral Vector, mRNA"
2022-01-07,7089,-7,Shalika Malviya,India,2010-03-30,743,False,Twitter,False,1,Winter,4301,8103784.0,108.05,"Other, Viral Vector"
2022-01-12,8683,0,liam #holdtheline,United States,2022-01-01,41,False,Twitter,False,1,Winter,11,1194960.0,159.57,"Viral Vector, mRNA"
2022-01-10,6085,24,Gary Morga,United States,2011-02-14,508,False,Twitter,False,0,Winter,3983,1230097.0,158.8,"Viral Vector, mRNA"
2022-01-12,8683,0,iliki_ivos_stergiou,United States,2013-02-13,1262,False,Twitter,False,0,Winter,3255,1194960.0,159.57,"Viral Vector, mRNA"
2022-01-24,7737,15,Janada Oakley,United States,2009-04-26,1930,False,Twitter,False,0,Winter,4656,801110.0,162.67,"Viral Vector, mRNA"
2022-01-14,8338,-2,CryptoAnon M.D.,United States,2021-01-03,44,False,Twitter,False,-1,Winter,376,1146655.0,160.39,"Viral Vector, mRNA"
2022-01-16,6002,-16,Manpreet,India,2019-03-23,34,False,Twitter,False,-1,Winter,1030,7570103.0,112.72,"Other, Viral Vector"
2022-01-16,6002,-16,SHAVEL ARTS PHOTOGRAPHY🇺🇬🇺🇸,United States,2019-11-26,2222,False,Twitter,False,1,Winter,782,1095468.0,160.74,"Viral Vector, mRNA"
2022-01-21,9487,-5,Fofana Oo Na Na,United States,2020-10-18,44,False,Twitter,False,1,Winter,460,839148.0,162.16,"Viral Vector, mRNA"
2022-01-21,9487,-5,Becci Martin 💙,United Kingdom,2009-02-06,3268,False,Twitter,False,1,Winter,4732,128795.0,201.07,"Viral Vector, mRNA"
2022-01-11,8683,43,Winnipeg School Div,Canada,2012-09-17,6314,False,Twitter,False,1,Winter,3403,367720.0,189.49,"Viral Vector, mRNA"
2022-01-12,8683,0,Nat Cook MP,United States,2015-01-31,2714,True,Twitter,False,1,Winter,2538,1194960.0,159.57,"Viral Vector, mRNA"
2022-01-11,8683,43,Mahesh Chawan,India,2019-05-26,2625,False,Twitter,False,1,Winter,961,9358811.0,110.37,"Other, Viral Vector"
2022-01-15,7150,-14,FUNNACLE TIMES,India,2021-08-14,50,False,Twitter,False,-1,Winter,154,8233019.0,112.36,"Other, Viral Vector"
2022-01-11,8683,43,Sathish,India,2014-05-05,231,False,Twitter,False,0,Winter,2808,9358811.0,110.37,"Other, Viral Vector"
2022-01-16,6002,-16,Majid Rashid,India,2017-01-16,639,False,Twitter,False,1,Winter,1826,7570103.0,112.72,"Other, Viral Vector"
2022-01-11,8683,43,Bev 🏃‍♀️,Canada,2012-10-20,3495,False,Twitter,False,0,Winter,3370,367720.0,189.49,"Viral Vector, mRNA"
2022-01-16,6002,-16,Dr. Brian O'Roak,United States,2016-05-13,859,False,Twitter,False,1,Winter,2074,1095468.0,160.74,"Viral Vector, mRNA"
2022-01-10,6085,24,SUNY Upstate Medical University,United States,2009-06-16,7006,False,Twitter,False,1,Winter,4591,1230097.0,158.8,"Viral Vector, mRNA"
2022-01-27,11006,0,Bhuman Sharma,India,2021-07-01,341,False,Twitter,False,0,Winter,210,5539846.0,117.63,"Other, Viral Vector"
2022-01-11,8683,43,Grati,United States,2008-10-04,658,False,Twitter,False,1,Winter,4847,1214553.0,159.19,"Viral Vector, mRNA"
2022-01-29,9432,-16,Giving up and having a nice cuppa instead,United States,2020-12-28,1321,False,Twitter,False,1,Winter,397,688925.0,163.79,"Viral Vector, mRNA"
2022-01-08,6265,-12,Ellyn Terry,United States,2009-05-15,149,False,Twitter,False,-1,Winter,4621,1228650.0,158.28,"Viral Vector, mRNA"
2022-01-16,6002,-16,Vincent Bergere,France,2021-09-04,5,False,Twitter,False,-1,Winter,134,532413.0,196.21,"Viral Vector, mRNA"
2022-02-23,10683,13,Dayle Hodge,United States,2015-08-20,370,False,Twitter,False,1,Winter,2379,328920.0,166.89,"Viral Vector, mRNA"
2022-02-22,9438,27,Prebuuk India,India,2021-09-27,5,False,Twitter,False,0,Winter,148,3350608.0,126.27,"Other, Viral Vector"
2022-02-16,11727,7,Muhammad Khalid Ejaz,Argentina,2019-07-07,536,False,Twitter,False,1,Winter,955,194657.0,202.4,"Inactivated, Other, Viral Vector, mRNA"
2022-02-17,12149,4,ScopalVideo,United States,2021-03-23,23,False,ayrshare,False,-1,Winter,331,373308.0,166.31,"Viral Vector, mRNA"
2022-02-21,7412,7,Qidris™,United States,2010-10-28,1040,False,Twitter,False,0,Winter,4134,346666.0,166.69,"Viral Vector, mRNA"
2022-02-22,9438,27,🤖Mick Lethal🤖,United States,2011-11-01,5572,False,Twitter,False,1,Winter,3766,338856.0,166.79,"Viral Vector, mRNA"
2022-02-07,9359,13,Roznama Rashtriya Sahara,India,2017-03-22,1210,False,Twitter,False,0,Winter,1783,4466001.0,121.72,"Other, Viral Vector"
2022-02-11,11975,-1,Kevin Jones🇺🇸 🇮🇪,United States,2009-01-27,374,False,Twitter,False,1,Winter,4763,456330.0,165.71,"Viral Vector, mRNA"
2022-02-04,12185,0,Gobeck,United States,2013-11-25,519,False,Twitter,False,-1,Winter,2993,518215.0,164.75,"Viral Vector, mRNA"
2022-02-06,8299,-15,Rajpura,India,2020-03-26,65,False,Twitter,False,-1,Winter,682,5503435.0,121.71,"Other, Viral Vector"
2022-02-22,9438,27,EdieLou2002🇺🇸,United States,2021-02-10,982,False,Twitter,False,0,Winter,377,338856.0,166.79,"Viral Vector, mRNA"
2022-02-25,8894,-15,George Buckland,United States,2010-09-15,754,False,Twitter,False,1,Winter,4181,298915.0,167.1,"Viral Vector, mRNA"
2022-02-21,7412,7,Rajesh Kshitij,India,2010-07-25,567,False,Twitter,False,1,Winter,4229,3723058.0,126.01,"Other, Viral Vector"
2022-02-08,13163,41,Jana K,United States,2010-12-23,205,False,Twitter,False,-1,Winter,4065,470372.0,165.23,"Viral Vector, mRNA"
2022-02-08,13163,41,SADAT KHAN,Pakistan,2014-08-30,672,False,Twitter,False,-1,Winter,2719,1797335.0,84.4,"Inactivated, Other, Viral Vector, mRNA"
2022-02-23,10683,13,Dushyant Singh,India,2019-12-08,301,False,Twitter,False,1,Winter,808,3291554.0,126.43,"Other, Viral Vector"
2022-02-16,11727,7,93 WIBC Indianapolis,India,2008-01-25,32160,True,Twitter,False,1,Winter,5136,4089529.0,124.78,"Other, Viral Vector"
2022-02-04,12185,0,Sumeet Banker,United States,2011-01-24,121,False,Twitter,False,1,Winter,4029,518215.0,164.75,"Viral Vector, mRNA"
2022-02-23,10683,13,ANIMA,United Kingdom,2021-01-12,173,False,Twitter,False,1,Winter,407,53804.0,204.74,"Viral Vector, mRNA"
2022-02-23,10683,13,Jasper Watkins III,United States,2019-03-04,83,False,Twitter,False,1,Winter,1087,328920.0,166.89,"Viral Vector, mRNA"
2022-02-22,9438,27,Simon Draper,United States,2017-06-08,452,False,Twitter,False,1,Winter,1720,338856.0,166.79,"Viral Vector, mRNA"
2022-02-12,9929,-17,Julie D,United States,2019-08-17,47,False,Twitter,False,1,Winter,910,443611.0,165.81,"Viral Vector, mRNA"
2022-02-16,11727,7,Dr Faysal ElKak فيصل القاق,Lebanon,2011-04-19,2692,False,Twitter,False,1,Winter,3956,10852.0,75.01,"Inactivated, Viral Vector, mRNA"
2022-02-20,6944,-29,LOX and BAGELS 🇺🇸🇮🇱,United States,2021-01-17,1459,False,Twitter,False,-1,Winter,399,349908.0,166.59,"Viral Vector, mRNA"
2022-02-20,6944,-29,Deb Cha as Vivacity,United States,2016-10-08,135,False,Twitter,False,1,Winter,1961,349908.0,166.59,"Viral Vector, mRNA"
2022-02-03,12200,-2,BALDEV SAINI 🇮🇳,India,2014-10-16,524,False,Twitter,False,1,Winter,2667,6057863.0,120.68,"Other, Viral Vector"
2022-02-24,10498,-2,Health Imaging,United States,2009-03-31,18244,False,hootsuite inc.,False,-1,Winter,4713,317704.0,166.98,"Viral Vector, mRNA"
2022-02-05,9800,-20,☆Starlite,Australia,2019-09-26,412,False,Twitter,False,-1,Winter,863,215889.0,197.87,"Viral Vector, mRNA"
2022-02-08,13163,41,REBEKAH P,Canada,2009-08-12,542,False,Twitter,False,0,Winter,4563,153146.0,208.26,"Viral Vector, mRNA"
2022-02-14,8541,13,Tanya Klymenko,United States,2015-10-19,11254,False,Twitter,False,0,Winter,2310,415597.0,165.95,"Viral Vector, mRNA"
2022-02-12,9929,-17,Estefi 🇪🇺😷,United Kingdom,2011-01-10,436,False,Twitter,False,0,Winter,4051,68378.0,203.82,"Viral Vector, mRNA"
2022-02-05,9800,-20,Pixie Warrior,United States,2010-04-28,1013,False,Twitter,False,0,Winter,4301,513501.0,164.87,"Viral Vector, mRNA"
2022-02-17,12149,4,Shirley Nicholls,Canada,2011-05-13,507,False,Twitter,False,0,Winter,3933,93507.0,210.67,"Viral Vector, mRNA"
2022-02-18,11016,-9,@MedicineGovSte #MedLearn#TeamPatient#TeamCOVID19,United States,2017-12-01,2248,False,Twitter,False,0,Winter,1540,359407.0,166.47,"Viral Vector, mRNA"
2022-02-09,12570,-5,Namaari- Formerly A Quiet Place,Canada,2022-01-30,91,False,Twitter,False,1,Winter,10,143657.0,208.59,"Viral Vector, mRNA"
2022-02-18,11016,-9,Sudarshan Suchi,India,2014-10-06,1096,False,Twitter,False,1,Winter,2692,3966236.0,125.44,"Other, Viral Vector"
2022-02-04,12185,0,Lisa Cliff,United States,2010-07-21,299,False,Twitter,False,1,Winter,4216,518215.0,164.75,"Viral Vector, mRNA"
2022-02-15,11008,29,Ryan Lowes,United States,2017-09-05,216,False,Twitter,False,0,Winter,1624,401533.0,166.07,"Viral Vector, mRNA"
2022-02-21,7412,7,P3pharmacy Magazine,United Kingdom,2012-03-16,2540,False,Twitter,False,1,Winter,3629,59613.0,204.58,"Viral Vector, mRNA"
2022-02-07,9359,13,Pathology Associates Co Ltd.,Hong Kong,2021-08-02,23,False,Twitter,False,1,Winter,189,35129.0,150.56,"Inactivated, mRNA"
2022-02-07,9359,13,Tafur,United States,2021-12-17,200,False,Twitter,False,0,Winter,52,485269.0,165.08,"Viral Vector, mRNA"
2022-02-17,12149,4,Dr. Musfiqur Rahman Rajib,India,2019-03-29,459,False,Twitter,False,0,Winter,1056,4790451.0,125.16,"Other, Viral Vector"
2022-02-07,9359,13,Uptone Pictures,United States,2009-08-20,827,False,Twitter,False,1,Winter,4554,485269.0,165.08,"Viral Vector, mRNA"
2022-02-11,11975,-1,ANT1,United States,2018-06-29,7967,False,Twitter,False,1,Winter,1323,456330.0,165.71,"Viral Vector, mRNA"
2022-02-22,9438,27,Ewa Kuczynski,United Kingdom,2018-07-22,685,False,Twitter,False,-1,Winter,1311,55388.0,204.66,"Viral Vector, mRNA"
2022-02-05,9800,-20,Physicians & Scientists for Global Responsibility,United States,2019-02-12,23,False,Twitter,False,1,Winter,1089,513501.0,164.87,"Viral Vector, mRNA"
2022-02-02,12503,0,LaneCO Public Health,United States,2015-03-19,1256,False,Twitter,False,1,Winter,2512,598027.0,164.4,"Viral Vector, mRNA"
2022-02-12,9929,-17,Anuraag Subramanian ,India,2019-07-07,13,False,Twitter,False,0,Winter,951,4313445.0,123.68,"Other, Viral Vector"
2022-02-21,7412,7,Mukesh Haikerwal,Australia,2012-08-25,7805,False,Twitter,False,1,Winter,3467,127207.0,206.94,"Viral Vector, mRNA"
2022-02-20,6944,-29,LondonLad2021 🗽🏴󠁧󠁢󠁥󠁮󠁧󠁿🏴󠁧󠁢󠁳󠁣󠁴󠁿,United States,2021-10-01,179,False,Twitter,False,0,Winter,142,349908.0,166.59,"Viral Vector, mRNA"
2022-02-03,12200,-2,DocMode,India,2012-01-11,278,False,hootsuite inc.,False,-1,Winter,3676,6057863.0,120.68,"Other, Viral Vector"
2022-02-16,11727,7,ME Association,United Kingdom,2009-12-04,18191,False,TweetDeck,False,0,Winter,4457,69425.0,204.19,"Viral Vector, mRNA"
2022-02-05,9800,-20,Kylie 🦋🦋🦋,United States,2014-01-16,1176,False,Twitter,False,0,Winter,2942,513501.0,164.87,"Viral Vector, mRNA"
2022-02-15,11008,29,Giovanna Mayta,United States,2009-07-07,271,False,Twitter,False,0,Winter,4606,401533.0,166.07,"Viral Vector, mRNA"
2022-02-05,9800,-20,Healthy Urban Life,United States,2013-03-11,1678,False,Twitter,False,1,Winter,3253,513501.0,164.87,"Viral Vector, mRNA"
2022-02-07,9359,13,Isaac Kasyoka,United States,2015-07-24,781,False,Twitter,False,1,Winter,2390,485269.0,165.08,"Viral Vector, mRNA"
2022-02-07,9359,13,Lyn Bender,Australia,2009-03-06,5305,False,Twitter,False,-1,Winter,4721,206802.0,198.98,"Viral Vector, mRNA"
2022-02-04,12185,0,MSK Library,United States,2010-02-22,2599,False,Twitter,False,0,Winter,4365,518215.0,164.75,"Viral Vector, mRNA"
2022-02-05,9800,-20,Nyarlathotep PROUD ANTI-VAXXER,United States,2017-10-10,83,False,Twitter,False,0,Winter,1579,513501.0,164.87,"Viral Vector, mRNA"
2022-02-17,12149,4,"Kasia Hein-Peters, M.D.",United States,2009-06-03,8161,False,Twitter,False,1,Winter,4642,373308.0,166.31,"Viral Vector, mRNA"
2022-02-22,9438,27,Clara 💋,United States,2017-08-17,1197,False,Twitter,False,1,Winter,1650,338856.0,166.79,"Viral Vector, mRNA"
2022-02-07,9359,13,whatthehell🗽,United States,2021-05-31,228,False,Twitter,False,0,Winter,252,485269.0,165.08,"Viral Vector, mRNA"
2022-02-15,11008,29,Sir Olicanarama,United States,2021-01-03,531,False,Twitter,False,0,Winter,408,401533.0,166.07,"Viral Vector, mRNA"
2022-02-19,9746,-12,Dr. Jodie L. Guest,United States,2011-08-04,2576,False,Twitter,False,1,Winter,3852,350046.0,166.55,"Viral Vector, mRNA"
2022-02-20,6944,-29,hopemagah,United States,2018-08-17,102,False,Twitter,False,0,Winter,1283,349908.0,166.59,"Viral Vector, mRNA"
2022-02-03,12200,-2,Canadian Political Accountability,Canada,2019-12-20,299,False,Twitter,False,-1,Winter,776,210373.0,206.43,"Viral Vector, mRNA"
2022-02-08,13163,41,janine bandcroft 🇨🇦,Canada,2009-03-20,795,False,Twitter,False,1,Winter,4708,153146.0,208.26,"Viral Vector, mRNA"
2022-02-12,9929,-17,Martin Keesenberg,United States,2015-07-29,1444,False,Twitter,False,1,Winter,2390,443611.0,165.81,"Viral Vector, mRNA"
2022-02-12,9929,-17,Dagny Stuart,United States,2012-01-02,1355,False,Twitter,False,1,Winter,3694,443611.0,165.81,"Viral Vector, mRNA"
2022-02-06,8299,-15,WION,India,2016-03-21,412053,True,TweetDeck,False,1,Winter,2148,5503435.0,121.71,"Other, Viral Vector"
2022-02-16,11727,7,Felicity,Australia,2020-02-23,244,False,Twitter,False,-1,Winter,724,149140.0,204.71,"Viral Vector, mRNA"
2022-02-07,9359,13,Mr 𝐅ender lives at number 7 Ⓥ #BeReal.,United States,2019-08-07,1136,False,Twitter,False,-1,Winter,915,485269.0,165.08,"Viral Vector, mRNA"
2022-02-25,8894,-15,sandeepbhat,United States,2008-01-19,236,False,LinkedIn,False,1,Winter,5151,298915.0,167.1,"Viral Vector, mRNA"
2022-02-13,7580,-24,ItsTheCostanza ™️,United States,2016-12-08,355,False,Twitter,False,1,Winter,1893,435328.0,165.85,"Viral Vector, mRNA"
2022-02-24,10498,-2,Phil Norton 🇺🇸🇨🇦,Canada,2009-07-22,1091,False,Twitter,False,0,Winter,4600,75263.0,212.05,"Viral Vector, mRNA"
2022-02-07,9359,13,Matthew,China,2010-12-29,110,False,Twitter,False,0,Winter,4058,1448143.0,208.46,"Inactivated, Other"
2022-02-06,8299,-15,Ray Walley,United States,2014-04-02,7100,False,Twitter,False,1,Winter,2867,506026.0,164.94,"Viral Vector, mRNA"
2022-02-12,9929,-17,MaynardCrebbs,United States,2021-11-17,71,False,Twitter,False,-1,Winter,87,443611.0,165.81,"Viral Vector, mRNA"
2022-02-06,8299,-15,We For News,India,2015-04-15,4591,False,TweetDeck,False,-1,Winter,2489,5503435.0,121.71,"Other, Viral Vector"
2022-02-22,9438,27,Peter Hyatt,United States,2012-02-16,5148,False,Twitter,False,1,Winter,3659,338856.0,166.79,"Viral Vector, mRNA"
2022-02-06,8299,-15,"Perry N Halkitis, PhD, MS, MPH ♓️🏳️‍🌈🇬🇷🇺🇸⚛️",United States,2019-12-30,1154,False,Twitter,False,-1,Winter,769,506026.0,164.94,"Viral Vector, mRNA"
2022-02-12,9929,-17,"(((Adam Friedlander, MD)))",United States,2013-01-17,1071,False,Twitter,False,0,Winter,3313,443611.0,165.81,"Viral Vector, mRNA"
2022-02-02,12503,0,Veteranus Dacicus 🇺🇸 🇪🇺 🏴‍☠️,United States,2021-08-17,33,False,Twitter,False,0,Winter,169,598027.0,164.4,"Viral Vector, mRNA"
2022-02-06,8299,-15,John Kaufman,United States,2017-12-22,518,False,Twitter,False,-1,Winter,1507,506026.0,164.94,"Viral Vector, mRNA"
2022-02-09,12570,-5,Delta Analysis,Canada,2021-08-06,22,False,Twitter,False,-1,Winter,187,143657.0,208.59,"Viral Vector, mRNA"
2022-02-06,8299,-15,Peter Nakitch,Australia,2012-10-13,106,False,Twitter,False,-1,Winter,3403,213000.0,198.15,"Viral Vector, mRNA"
2022-02-09,12570,-5,Arpan K Kar,India,2010-02-08,660,False,Twitter,False,1,Winter,4384,4713271.0,122.72,"Other, Viral Vector"
2022-02-22,9438,27,Stacey Bloom,United States,2021-11-17,1016,False,Twitter,False,0,Winter,97,338856.0,166.79,"Viral Vector, mRNA"
2022-02-15,11008,29,BOOM Live,India,2014-03-16,74742,True,Twitter,False,-1,Winter,2893,4769921.0,124.59,"Other, Viral Vector"
2022-02-07,9359,13,JenKilks 🤓,United States,2012-01-20,1451,False,Twitter,False,0,Winter,3671,485269.0,165.08,"Viral Vector, mRNA"
2022-02-14,8541,13,Stewart Duffy,United Kingdom,2013-02-27,1335,False,tweetcaster for android,False,1,Winter,3274,66681.0,203.96,"Viral Vector, mRNA"
2022-02-23,10683,13,Stephani Shelton,United States,2009-05-07,235,False,Twitter,False,1,Winter,4675,328920.0,166.89,"Viral Vector, mRNA"
2022-02-08,13163,41,Katie Reilly (she / her),United States,2010-06-23,1751,False,Twitter,False,0,Winter,4248,470372.0,165.23,"Viral Vector, mRNA"
2022-02-27,6117,-22,itzmeslicc,United States,2022-02-22,0,False,Twitter,False,0,Winter,5,289285.0,167.2,"Viral Vector, mRNA"
2022-02-21,7412,7,Shamir Claimant Ali,United States,2015-08-01,9197,False,Twitter,False,0,Winter,2396,346666.0,166.69,"Viral Vector, mRNA"
2022-02-09,12570,-5,💧🌿🏝Ross McPherson🐳🐟🐬,United States,2017-05-05,1594,False,Twitter,False,-1,Winter,1741,462246.0,165.38,"Viral Vector, mRNA"
2022-02-06,8299,-15,Joe,United Kingdom,2012-04-06,4506,False,Twitter,False,0,Winter,3593,74361.0,203.18,"Viral Vector, mRNA"
2022-02-11,11975,-1,Langham Place Surgery,United States,2012-10-25,117,False,Twitter,False,1,Winter,3396,456330.0,165.71,"Viral Vector, mRNA"
2022-02-08,13163,41,Ivan Živković,United States,2009-02-16,419,False,Twitter,False,1,Winter,4740,470372.0,165.23,"Viral Vector, mRNA"
2022-02-11,11975,-1,Hungry Beagles Rule,Australia,2012-04-18,222,False,Twitter,False,1,Winter,3586,178660.0,202.23,"Viral Vector, mRNA"
2022-02-18,11016,-9,Dr. Ankita Alexander (Ph.D) 🇮🇳,United States,2015-04-18,103,False,Twitter,False,0,Winter,2498,359407.0,166.47,"Viral Vector, mRNA"
2022-02-05,9800,-20,Karla Q ✨,United States,2013-05-19,26,False,Twitter,False,1,Winter,3184,513501.0,164.87,"Viral Vector, mRNA"
2022-02-13,7580,-24,Sastasundar.com ᅠ,India,2013-10-17,968,False,Twitter,False,0,Winter,3041,4575122.0,124.01,"Other, Viral Vector"
2022-02-08,13163,41,DriverCheck,Canada,2013-09-13,1087,False,hootsuite inc.,False,1,Winter,3070,153146.0,208.26,"Viral Vector, mRNA"
2022-02-16,11727,7,Mr Dicklesworth,United States,2021-03-06,19,False,Twitter,False,0,Winter,347,387604.0,166.19,"Viral Vector, mRNA"
2022-02-23,10683,13,Shweta,India,2010-11-29,554,False,Twitter,False,-1,Winter,4104,3291554.0,126.43,"Other, Viral Vector"
2022-02-02,12503,0,Kashif Shabbir 🇵🇰,Pakistan,2013-07-15,129,False,Twitter,False,0,Winter,3124,761168.0,79.48,"Inactivated, Other, Viral Vector, mRNA"
2022-02-19,9746,-12,Tonya,United States,2016-07-06,810,False,Twitter,False,0,Winter,2054,350046.0,166.55,"Viral Vector, mRNA"
2022-02-03,12200,-2,Cupcake Schotzie,United Kingdom,2010-03-20,1212,False,Twitter,False,1,Winter,4338,86779.0,202.88,"Viral Vector, mRNA"
2022-02-02,12503,0,Aom Pojanee,United States,2019-11-24,6,False,Twitter,False,0,Winter,801,598027.0,164.4,"Viral Vector, mRNA"
2022-02-16,11727,7,Sgt “thermopot” Dave,United Kingdom,2019-05-29,19878,False,Twitter,False,1,Winter,994,69425.0,204.19,"Viral Vector, mRNA"
2022-02-05,9800,-20,Brendt Jacob,France,2009-03-31,107,False,Twitter,False,0,Winter,4694,208075.0,204.56,"Viral Vector, mRNA"
2022-02-16,11727,7,Jonathan Gomez-Raja 🇪🇺,Spain,2016-12-12,626,False,Twitter,False,1,Winter,1892,100912.0,196.86,"Viral Vector, mRNA"
2022-02-17,12149,4,"Ibero-American Action League, Inc.",United States,2009-10-16,1558,False,hootsuite inc.,False,0,Winter,4507,373308.0,166.31,"Viral Vector, mRNA"
2022-02-14,8541,13,Business Today,India,2010-06-30,1153952,True,Twitter,False,0,Winter,4247,4811658.0,124.14,"Other, Viral Vector"
2022-02-22,9438,27,Sgt Dave,United Kingdom,2019-05-29,19931,False,Twitter,False,0,Winter,1000,55388.0,204.66,"Viral Vector, mRNA"
2022-02-05,9800,-20,Vision Pakistan,United States,2020-06-06,13258,False,Twitter,False,-1,Winter,609,513501.0,164.87,"Viral Vector, mRNA"
2022-02-25,8894,-15,Prasheel Soni 🇮🇳,Estonia,2012-06-21,137,False,Twitter,False,-1,Winter,3536,898.0,147.32,"Viral Vector, mRNA"
2022-02-08,13163,41,JimBeam@cool,United States,2014-06-14,114,False,Twitter,False,-1,Winter,2796,470372.0,165.23,"Viral Vector, mRNA"
2022-02-24,10498,-2,Bhopal Airport,India,2016-08-23,2722,True,Twitter,False,1,Winter,2011,3005569.0,126.67,"Other, Viral Vector"
2022-02-11,11975,-1,LORD FABO,United States,2010-08-16,6820,False,Twitter,False,1,Winter,4197,456330.0,165.71,"Viral Vector, mRNA"
2022-02-17,12149,4,LaShawnda💎CUT Bourrage,United States,2020-06-07,67,False,Twitter,False,-1,Winter,620,373308.0,166.31,"Viral Vector, mRNA"
2022-02-17,12149,4,SEF62💜,United States,2010-12-27,3773,False,Twitter,False,0,Winter,4070,373308.0,166.31,"Viral Vector, mRNA"
2022-02-15,11008,29,Dr Kafeel Khan,India,2018-04-29,198103,True,Twitter,False,1,Winter,1388,4769921.0,124.59,"Other, Viral Vector"
2022-02-03,12200,-2,Chinmay talks HealthTech,India,2011-05-17,86,False,Twitter,False,-1,Winter,3915,6057863.0,120.68,"Other, Viral Vector"
2022-03-07,5191,0,Duchymarie 🙏🇺🇸 ✝️,United States,2009-07-30,507,False,Twitter,False,-1,Spring,4603,216335.0,167.75,"Viral Vector, mRNA"
2022-03-19,4725,-16,Bitcoinman,South Africa,2020-04-29,699,False,Twitter,False,0,Spring,689,67146.0,54.94,"Viral Vector, mRNA"
2022-03-23,4967,-2,Feedkast,United States,2016-12-01,42,False,Twitter,False,0,Spring,1938,160789.0,168.58,"Viral Vector, mRNA"
2022-03-17,6508,8,Comprehensive Cancer Centers,United States,2011-07-22,1117,False,hootsuite inc.,False,-1,Spring,3891,172597.0,168.3,"Viral Vector, mRNA"
2022-03-16,6019,7,Sidharth Kuncalienker,India,2019-02-12,2808,True,Twitter,False,1,Spring,1128,1783656.0,129.61,"Other, Viral Vector"
2022-03-09,7124,-1,Ben Weston MD MPH 😷 💉,United Kingdom,2021-07-24,1335,False,Twitter,False,1,Spring,228,43170.0,205.66,"Viral Vector, mRNA"
2022-03-04,8519,5,Rashmi,India,2022-02-22,9,False,Twitter,False,-1,Spring,10,2212090.0,128.04,"Other, Viral Vector"
2022-03-21,4011,5,Sumi Dutta,India,2012-12-12,2688,True,Twitter,False,-1,Spring,3386,1623985.0,130.18,"Other, Viral Vector"
2022-03-08,7200,39,Lilfurn,Australia,2021-10-20,14,False,Twitter,False,0,Spring,139,71975.0,211.95,"Viral Vector, mRNA"
2022-03-07,5191,0,trumpthechump,United States,2018-04-08,10,False,Twitter,False,1,Spring,1429,216335.0,167.75,"Viral Vector, mRNA"
2022-03-20,3820,-19,Babo 🦍🇮🇹🇯🇵🇹🇼,Italy,2021-02-28,107,False,Twitter,False,0,Spring,385,54504.0,224.4,"Other, Viral Vector, mRNA"
2022-03-04,8519,5,Ratna,United States,2010-03-07,199,False,Twitter,False,-1,Spring,4380,244501.0,167.61,"Viral Vector, mRNA"
2022-03-06,5170,-26,NeerajK,India,2013-12-19,98,False,Twitter,False,1,Spring,2999,2017242.0,128.31,"Other, Viral Vector"
2022-03-20,3820,-19,Traci B. H.,United States,2008-08-28,176,False,Twitter,False,-1,Spring,4952,170828.0,168.43,"Viral Vector, mRNA"
2022-03-14,4557,-2,JWSpry,United States,2016-06-28,1679,False,Twitter,False,-1,Spring,2085,178707.0,168.13,"Viral Vector, mRNA"
2022-03-28,3256,5,Ero Vich,United States,2012-07-21,205,False,Twitter,False,0,Spring,3537,115261.0,168.72,"Viral Vector, mRNA"
2022-03-04,8519,5,Sharp Shooter🏹🎯,Australia,2013-06-21,175,False,Twitter,False,-1,Spring,3178,78905.0,211.02,"Viral Vector, mRNA"
2022-03-10,7174,1,SusanThorn-RN,United States,2010-12-26,1482,False,Twitter,False,1,Spring,4092,196452.0,167.93,"Viral Vector, mRNA"
2022-03-09,7124,-1,jscarter2,United States,2021-05-09,11,False,Twitter,False,-1,Spring,304,202091.0,167.87,"Viral Vector, mRNA"
2022-03-12,5760,-6,Tom J. Byrne,Italy,2009-02-21,1042,False,Twitter,False,-1,Spring,4767,67120.0,223.73,"Other, Viral Vector, mRNA"
2022-03-14,4557,-2,PIB in Chandigarh,India,2012-04-30,10843,True,Twitter,False,0,Spring,3605,1885498.0,129.36,"Other, Viral Vector"
2022-03-23,4967,-2,SMART,United States,2013-11-25,337,False,LaterMedia,False,0,Spring,3040,160789.0,168.58,"Viral Vector, mRNA"
2022-03-27,3110,-17,Nathalie_B🌞,Lebanon,2019-12-17,323,False,Twitter,False,-1,Spring,831,2316.0,77.84,"Inactivated, Viral Vector, mRNA"
2022-03-06,5170,-26,Nonpartisan Media #freeAssange,Australia,2016-10-26,675,False,Twitter,False,-1,Spring,1957,75561.0,211.31,"Viral Vector, mRNA"
2022-03-20,3820,-19,A.H.R.,United States,2009-04-09,292,False,Twitter,False,0,Spring,4728,170828.0,168.43,"Viral Vector, mRNA"
2022-03-08,7200,39,Dr.Darrell Cline,United Kingdom,2013-09-27,1008,False,Twitter,False,-1,Spring,3084,43700.0,205.6,"Viral Vector, mRNA"
2022-03-05,7017,-18,Viral police state,United States,2011-09-30,138,False,Paper.li,False,1,Spring,3809,235698.0,167.66,"Viral Vector, mRNA"
2022-03-14,4557,-2,Design Provider,United States,2017-04-13,202,False,Twitter,False,1,Spring,1796,178707.0,168.13,"Viral Vector, mRNA"
2022-03-03,8137,3,Mo ❤,United States,2016-05-19,400,False,Twitter,False,-1,Spring,2114,255276.0,167.52,"Viral Vector, mRNA"
2022-03-24,5198,5,"Antiqua N. Smart, DNP, NP-BC, PHNA-BC✝️ ⚕️She/Her",United States,2019-12-27,5006,False,Buffer,False,0,Spring,818,156889.0,168.63,"Viral Vector, mRNA"
2022-03-22,5044,26,Health Canada and PHAC,Canada,2009-04-29,428987,True,hootsuite inc.,False,-1,Spring,4710,28627.0,215.21,"Viral Vector, mRNA"
2022-03-08,7200,39,Lil Bit McCaffrey,United States,2013-01-15,72,False,Twitter,False,-1,Spring,3339,208399.0,167.81,"Viral Vector, mRNA"
2022-03-07,5191,0,Andrea Peterson Straus,United States,2021-03-21,190,False,Twitter,False,1,Spring,351,216335.0,167.75,"Viral Vector, mRNA"
2022-03-14,4557,-2,Emma Friedmann,United States,2010-11-13,2305,False,Twitter,False,-1,Spring,4139,178707.0,168.13,"Viral Vector, mRNA"
2022-03-07,5191,0,"Field Outreach Bureau, Madurai மக்கள் தொடர்பு",United States,2020-02-27,465,False,Twitter,False,-1,Spring,739,216335.0,167.75,"Viral Vector, mRNA"
2022-03-21,4011,5,🙏 สวัสดีประเทศไทย 🇹🇭,United States,2018-05-12,375,False,Twitter,False,0,Spring,1409,168677.0,168.48,"Viral Vector, mRNA"
2022-03-10,7174,1,SABC News,South Africa,2009-03-18,2275939,True,hootsuite inc.,False,1,Spring,4740,63604.0,53.83,"Viral Vector, mRNA"
2022-03-06,5170,-26,🍀🇮🇪 🇵🇸,United States,2013-01-25,275,False,Twitter,False,1,Spring,3327,230804.0,167.69,"Viral Vector, mRNA"
2022-03-09,7124,-1,Mighty Mouse,Canada,2021-08-15,305,False,Twitter,False,-1,Spring,206,35877.0,214.22,"Viral Vector, mRNA"
2022-03-14,4557,-2,Todd Hartog,United States,2009-03-01,2035,False,Twitter,False,-1,Spring,4761,178707.0,168.13,"Viral Vector, mRNA"
2022-03-23,4967,-2,"Elaine L. Kinsella, PhD",United States,2011-02-09,1542,False,Twitter,False,1,Spring,4060,160789.0,168.58,"Viral Vector, mRNA"
2022-03-07,5191,0,Príkhas Ⓜ️,South Africa,2021-10-08,34165,False,Twitter,False,1,Spring,150,82902.0,53.51,"Viral Vector, mRNA"
2022-03-03,8137,3,MamaSquama,United States,2012-12-14,615,False,Twitter,False,-1,Spring,3366,255276.0,167.52,"Viral Vector, mRNA"
2022-03-14,4557,-2,Masakkali 🕊️ ❤️,Australia,2012-06-21,3587,False,Twitter,False,-1,Spring,3553,79763.0,213.77,"Viral Vector, mRNA"
2022-03-17,6508,8,Aar J Kay,United States,2020-03-09,4,False,Twitter,False,1,Spring,738,172597.0,168.3,"Viral Vector, mRNA"
2022-03-09,7124,-1,Caroline Liggins,United States,2011-12-15,29,False,Twitter,False,1,Spring,3737,202091.0,167.87,"Viral Vector, mRNA"
2022-03-13,4635,-20,Liberals Leaving,United States,2016-05-14,2733,False,Twitter,False,0,Spring,2129,180922.0,168.07,"Viral Vector, mRNA"
2022-03-28,3256,5,M O'Dea 2 years & counting prisoner in a 🤡🌏,Australia,2021-03-23,206,False,Twitter,False,1,Spring,370,68403.0,217.85,"Viral Vector, mRNA"
2022-03-13,4635,-20,Valerie Martin 😷💉😷💉🤓,United States,2011-01-19,2956,False,Twitter,False,1,Spring,4071,180922.0,168.07,"Viral Vector, mRNA"
2022-03-06,5170,-26,TG HOUSE,India,2022-01-05,1,False,Twitter,False,1,Spring,60,2017242.0,128.31,"Other, Viral Vector"
2022-03-14,4557,-2,Dhritiman Hazarika,India,2019-11-30,240,False,Twitter,False,0,Spring,835,1885498.0,129.36,"Other, Viral Vector"
2022-03-18,5633,-13,Dave,South Africa,2009-05-20,222,False,Twitter,False,1,Spring,4685,55071.0,54.8,"Viral Vector, mRNA"
2022-03-23,4967,-2,Molson,United States,2011-08-19,270,False,Twitter,False,-1,Spring,3869,160789.0,168.58,"Viral Vector, mRNA"
2022-03-08,7200,39,Lou Sasshole,United States,2020-07-14,5,False,Twitter,False,-1,Spring,602,208399.0,167.81,"Viral Vector, mRNA"
2022-03-23,4967,-2,JoeCool212,United States,2012-12-06,299,False,Twitter,False,-1,Spring,3394,160789.0,168.58,"Viral Vector, mRNA"
2022-03-03,8137,3,Giamo Lao,United States,2011-10-25,60,False,Twitter,False,1,Spring,3782,255276.0,167.52,"Viral Vector, mRNA"
2022-03-06,5170,-26,Cutter,Australia,2021-09-19,80,False,Twitter,False,-1,Spring,168,75561.0,211.31,"Viral Vector, mRNA"
2022-03-09,7124,-1,Gulf-Times,United States,2013-11-19,59194,True,gt_backend,False,1,Spring,3032,202091.0,167.87,"Viral Vector, mRNA"
2022-03-23,4967,-2,Luca Barbarossa,United States,2010-01-14,1365,False,Twitter,False,0,Spring,4451,160789.0,168.58,"Viral Vector, mRNA"
2022-03-08,7200,39,Asmat Khan,United Kingdom,2021-01-13,16,False,Twitter,False,1,Spring,419,43700.0,205.6,"Viral Vector, mRNA"
2022-03-24,5198,5,Woodchuck Chucker 🇨🇦,Canada,2021-07-30,1435,False,Twitter,False,-1,Spring,237,27243.0,215.35,"Viral Vector, mRNA"
2022-03-08,7200,39,Life Goes ⭕N,South Africa,2014-10-31,644,False,Twitter,False,0,Spring,2685,67657.0,53.51,"Viral Vector, mRNA"
2022-03-17,6508,8,Sakshi Post,India,2012-08-07,2722,False,TweetDeck,False,1,Spring,3509,1795944.0,129.75,"Other, Viral Vector"
2022-03-24,5198,5,Sietskema,United States,2015-10-14,127,False,Twitter,False,1,Spring,2353,156889.0,168.63,"Viral Vector, mRNA"
2022-03-22,5044,26,DellyRanks,India,2021-09-08,172,False,fs-poster app,False,-1,Spring,195,1752357.0,130.36,"Other, Viral Vector"
2022-03-21,4011,5,"Lurie Daniel Favors, Esq.",United States,2010-04-07,36103,False,hootsuite inc.,False,0,Spring,4366,168677.0,168.48,"Viral Vector, mRNA"
2022-03-28,3256,5,WinstonaSmith1984 🔱,United States,2021-07-12,558,False,Twitter,False,-1,Spring,259,115261.0,168.72,"Viral Vector, mRNA"
2022-03-24,5198,5,NHS Cheshire CCG,United Kingdom,2011-08-02,7473,True,TweetDeck,False,1,Spring,3887,34110.0,206.48,"Viral Vector, mRNA"
2022-03-12,5760,-6,Maria 🐨 ❤️ 💛 🖤,United States,2013-04-28,3215,False,Twitter,False,-1,Spring,3240,182907.0,168.05,"Viral Vector, mRNA"
2022-03-21,4011,5,Garavi Gujarat,United States,2011-02-25,484,False,Twitter,False,0,Spring,4042,168677.0,168.48,"Viral Vector, mRNA"
2022-03-08,7200,39,Southport and Ormskirk Hospital NHS Trust,United States,2011-05-15,4763,True,Sendible,False,1,Spring,3950,208399.0,167.81,"Viral Vector, mRNA"
2022-03-16,6019,7,Catalyse Research,United States,2021-06-18,703,False,Twitter,False,-1,Spring,271,175409.0,168.24,"Viral Vector, mRNA"
2022-03-24,5198,5,JP Money XRP,Canada,2012-03-07,234,False,Twitter,False,1,Spring,3669,27243.0,215.35,"Viral Vector, mRNA"
2022-03-24,5198,5,ActivistBowen: FULLY VAXXED + BOOSTED!,Hong Kong,2011-06-08,4167,False,Twitter,False,0,Spring,3942,60477.0,195.68,"Inactivated, mRNA"
2022-03-24,5198,5,Prime Indexes,United States,2016-09-16,1126,False,TweetDeck,False,0,Spring,2015,156889.0,168.63,"Viral Vector, mRNA"
2022-03-23,4967,-2,The Informer,United States,2015-05-28,18034,False,Twitter,False,-1,Spring,2491,160789.0,168.58,"Viral Vector, mRNA"
2022-03-10,7174,1,"Roy ""Dr. P"" Philipose",United States,2009-07-10,459,False,Twitter,False,1,Spring,4626,196452.0,167.93,"Viral Vector, mRNA"
2022-03-28,3256,5,Aditi,India,2018-07-11,21323,False,Twitter,False,1,Spring,1356,2736644.0,131.55,"Other, Viral Vector"
2022-03-10,7174,1,Organiz,United States,2017-01-09,291,False,mailchimp,False,1,Spring,1886,196452.0,167.93,"Viral Vector, mRNA"
2022-03-24,5198,5,RASHID AHMED,Canada,2012-09-21,780,False,Twitter,False,-1,Spring,3471,27243.0,215.35,"Viral Vector, mRNA"
2022-03-09,7124,-1,"Alex McDonald, MD CAQSM FAAFP",United States,2009-08-15,6746,True,Twitter,False,1,Spring,4589,202091.0,167.87,"Viral Vector, mRNA"
2022-03-07,5191,0,Oinfo UK,United Kingdom,2017-09-14,100,False,Twitter,False,1,Spring,1635,44297.0,205.54,"Viral Vector, mRNA"
2022-03-08,7200,39,Anthony Stevens 🇯🇲 🇪🇺 ą=1/137 #FBPE,United States,2020-04-02,332,False,Twitter,False,1,Spring,705,208399.0,167.81,"Viral Vector, mRNA"
2022-03-20,3820,-19,Ex0dvs,United States,2011-03-10,10,False,Twitter,False,0,Spring,4028,170828.0,168.43,"Viral Vector, mRNA"
2022-03-14,4557,-2,Mike Barlow,Australia,2011-04-23,364,False,Twitter,False,1,Spring,3978,79763.0,213.77,"Viral Vector, mRNA"
2022-03-20,3820,-19,Vicky L Samuel,India,2018-09-12,47,False,Twitter,False,1,Spring,1285,1523504.0,130.0,"Other, Viral Vector"
2022-03-14,4557,-2,Jetking,India,2012-04-06,1300,False,Twitter,False,0,Spring,3629,1885498.0,129.36,"Other, Viral Vector"
2022-03-22,5044,26,Meg,India,2014-03-01,239,False,Twitter,False,1,Spring,2943,1752357.0,130.36,"Other, Viral Vector"
2022-03-09,7124,-1,Scoop Beats,India,2015-10-01,2300,True,wordpress.com,False,-1,Spring,2351,2180926.0,128.71,"Other, Viral Vector"
2022-03-17,6508,8,LatestLY,India,2017-02-07,73234,True,TweetDeck,False,1,Spring,1864,1795944.0,129.75,"Other, Viral Vector"
2022-03-20,3820,-19,Awesome UK facts,United States,2021-02-18,1434,False,Twitter,False,1,Spring,395,170828.0,168.43,"Viral Vector, mRNA"
2022-03-17,6508,8,#JanikaMallo R.I.P🖤,South Africa,2012-02-02,746,False,Twitter,False,0,Spring,3696,70686.0,54.66,"Viral Vector, mRNA"
2022-03-17,6508,8,Deccan Herald,India,2011-03-18,89721,True,hootsuite inc.,False,0,Spring,4017,1795944.0,129.75,"Other, Viral Vector"
2022-03-24,5198,5,MBH Freedom,Canada,2011-11-04,147,False,Twitter,False,-1,Spring,3793,27243.0,215.35,"Viral Vector, mRNA"
2022-03-16,6019,7,Evita Fernandez,India,2014-06-03,3587,False,Twitter,False,1,Spring,2843,1783656.0,129.61,"Other, Viral Vector"
2022-03-07,5191,0,ＳｐａＳｈａ,South Africa,2020-04-13,8693,False,Twitter,False,0,Spring,693,82902.0,53.51,"Viral Vector, mRNA"
2022-03-13,4635,-20,Frank,United States,2010-11-04,300,False,Twitter,False,-1,Spring,4147,180922.0,168.07,"Viral Vector, mRNA"
2022-03-20,3820,-19,AG,United States,2017-06-01,3198,False,Twitter,False,-1,Spring,1753,170828.0,168.43,"Viral Vector, mRNA"
2022-03-09,7124,-1,WK WorkDay,United States,2009-09-30,1433,False,Twitter,False,1,Spring,4543,202091.0,167.87,"Viral Vector, mRNA"
2022-03-27,3110,-17,HSE Ireland,United States,2009-08-27,239315,True,Twitter,False,0,Spring,4595,137525.0,168.72,"Viral Vector, mRNA"
2022-03-21,4011,5,Rohit,Canada,2011-02-07,1548,False,Twitter,False,-1,Spring,4060,29841.0,215.16,"Viral Vector, mRNA"
2022-03-05,7017,-18,Judy Stone,United States,2009-02-13,11547,False,Twitter,False,0,Spring,4768,235698.0,167.66,"Viral Vector, mRNA"
2022-03-19,4725,-16,Dinalipi Online,India,2019-02-12,504,False,raven tools,False,0,Spring,1131,1580159.0,129.93,"Other, Viral Vector"
2022-03-21,4011,5,Action for Global Health,United Kingdom,2010-02-22,3258,False,TweetDeck,False,-1,Spring,4410,37904.0,206.35,"Viral Vector, mRNA"
2022-03-18,5633,-13,Gabrielle Popken,United States,2013-09-24,2497,False,Twitter,False,-1,Spring,3097,170994.0,168.37,"Viral Vector, mRNA"
2022-03-14,4557,-2,Dr. Marcell Vollmer 🇺🇦 #StaySafe & Carpe Diem,United States,2009-12-27,98401,False,Twitter,False,1,Spring,4460,178707.0,168.13,"Viral Vector, mRNA"
2022-03-21,4011,5,Dream Big Nevada,United States,2018-02-06,1620,False,Twitter,False,1,Spring,1504,168677.0,168.48,"Viral Vector, mRNA"
2022-03-07,5191,0,Minister of Propaganda 🇷🇺,South Africa,2021-02-01,834,False,Twitter,False,-1,Spring,399,82902.0,53.51,"Viral Vector, mRNA"
2022-03-12,5760,-6,Frankie Lulaj 🇺🇸🇦🇱,United States,2009-05-30,221,False,Twitter,False,-1,Spring,4669,182907.0,168.05,"Viral Vector, mRNA"
2022-03-24,5198,5,GSegal,United States,2019-04-03,2177,False,Twitter,False,1,Spring,1086,156889.0,168.63,"Viral Vector, mRNA"
2022-03-06,5170,-26,Tricia,United States,2011-09-14,425,False,Twitter,False,0,Spring,3826,230804.0,167.69,"Viral Vector, mRNA"
2022-03-16,6019,7,APPRISE,Australia,2017-04-04,1260,False,hootsuite inc.,False,1,Spring,1807,81056.0,214.5,"Viral Vector, mRNA"
2022-03-09,7124,-1,USC Norris COE,United States,2020-02-03,127,False,Twitter,False,1,Spring,765,202091.0,167.87,"Viral Vector, mRNA"
2022-03-08,7200,39,DCHFT Research,United States,2017-02-22,1372,False,Twitter,False,1,Spring,1840,208399.0,167.81,"Viral Vector, mRNA"
2022-03-29,4041,24,VaxBLR,India,2021-06-21,39,False,vaxblr,False,1,Spring,281,2580123.0,131.66,"Other, Viral Vector"
2022-03-09,7124,-1,YentaRoom,South Africa,2018-01-12,595,False,Twitter,False,0,Spring,1517,65784.0,53.67,"Viral Vector, mRNA"
2022-03-16,6019,7,THE SCHOOL POST,India,2015-11-28,79,False,Twitter,False,1,Spring,2300,1783656.0,129.61,"Other, Viral Vector"
2022-03-07,5191,0,Valhalla14,United States,2016-03-12,892,False,Twitter,False,0,Spring,2186,216335.0,167.75,"Viral Vector, mRNA"
2022-03-18,5633,-13,Jody Johnson,United States,2012-01-03,1747,False,Twitter,False,0,Spring,3727,170994.0,168.37,"Viral Vector, mRNA"
2022-03-24,5198,5,Best Health 4 You,United States,2013-07-06,416,False,Twitter,False,-1,Spring,3183,156889.0,168.63,"Viral Vector, mRNA"
2022-03-14,4557,-2,SheffieldCityCouncil,United States,2009-05-21,112546,True,Twitter,False,-1,Spring,4680,178707.0,168.13,"Viral Vector, mRNA"
2022-03-22,5044,26,MagYarMom (Hungarian Mom)🇺🇸🇭🇺 🇺🇦,United States,2009-03-23,565,False,Twitter,False,1,Spring,4747,164511.0,168.53,"Viral Vector, mRNA"
2022-03-22,5044,26,EastMojo,India,2017-08-11,16955,True,wordpress.com,False,0,Spring,1684,1752357.0,130.36,"Other, Viral Vector"
2022-03-23,4967,-2,Maggie Hill,United States,2009-03-05,729,False,Twitter,False,-1,Spring,4766,160789.0,168.58,"Viral Vector, mRNA"
2022-03-15,5623,23,Sahil Kothari,India,2009-08-12,1621,True,Twitter,False,0,Spring,4598,1802891.0,129.48,"Other, Viral Vector"
